time,isAirplaneOn,pkg,userScene,cid,rsrp,rsrq,snr,rat,ValidLinkTimeRate,tcpFwmarkLossRate,tcpKernelLossRate,tcpFwmarkRttAvg,tcpKernelRttAvg,dnsRttAvg,dnsSuccessRate,deltaValidLinkTimeRate,deltaTcpFwmarkLossRate,deltaTcpKernelLossRate,deltaTcpFwmarkRttAvg,deltaTcpKernelRttAvg,deltaDnsRttAvg,deltaDnsSuccessRate,ulRateBps,dlRateBps,linkKeepAliveTime,avgRtt,avgRttVar,avgRcvRtt,sentCount,recvCount,lostCount,retans,retransmit,unacked,totalretrans,mLatitude,mLongitude,delay,dataStall
14:20:36,FALSE,,-1,898,-74,-11,25,20,99,0,0,56,116,69,96,99,0,0,51,114,68,96,,,1972,,,,,,,,,,,,0,0,
14:20:36,FALSE,com.miui.home,-1,898,-74,-11,25,20,,,,,,,,,,,,,,,,,,,,,,,,,,,,,,,
14:20:38,FALSE,com.miui.home,-1,898,-74,-11,25,20,99,0,0,56,116,69,96,100,-1,-1,-1,-1,-1,-1,0.00KB/s,0.00KB/s,3989,,,,,,,,,,,,0,0,
14:20:38,FALSE,com.miui.home,-1,898,-74,-11,25,20,,,,,,,,,,,,,,,,,,,,,,,,,,,,,,,
14:20:40,FALSE,com.miui.home,-1,898,-74,-11,25,20,99,0,0,56,116,69,96,100,-1,-1,-1,-1,-1,-1,0.00KB/s,0.00KB/s,5990,,,,,,,,,,,,0,0,
14:20:40,FALSE,com.miui.home,-1,898,-74,-11,25,20,,,,,,,,,,,,,,,,,,,,,,,,,,,,,,,
14:20:42,FALSE,com.miui.home,-1,898,-74,-11,25,20,99,0,0,56,116,69,96,100,-1,-1,-1,-1,-1,-1,0.00KB/s,0.00KB/s,8004,,,,,,,,,,,,0,0,
14:20:42,FALSE,com.miui.home,-1,898,-74,-11,25,20,,,,,,,,,,,,,,,,,,,,,,,,,,,,,,,
14:20:44,FALSE,com.miui.home,-1,898,-74,-11,25,20,99,0,0,56,116,69,96,100,-1,-1,-1,-1,-1,-1,0.06KB/s,0.09KB/s,10008,,,,,,,,,,,,0,0,
14:20:44,FALSE,com.miui.home,-1,898,-74,-11,25,20,,,,,,,,,,,,,,,,,,,,,,,,,,,,,,,
14:20:46,FALSE,com.miui.home,-1,898,-74,-11,25,20,99,0,0,56,116,69,96,100,-1,0,-1,88,-1,-1,0.11KB/s,0.18KB/s,12019,,,,,,,,,,,,0,0,
14:20:46,FALSE,com.miui.home,-1,898,-74,-11,25,20,,,,,,,,,,,,,,,,,,,,,,,,,,,,,,,
14:20:48,FALSE,com.miui.home,-1,898,-74,-11,25,20,99,0,0,56,116,69,96,100,-1,-1,-1,-1,-1,-1,0.00KB/s,0.05KB/s,14010,,,,,,,,,,,,0,0,
14:20:48,FALSE,com.miui.home,-1,898,-74,-11,25,20,,,,,,,,,,,,,,,,,,,,,,,,,,,,,,,
14:20:50,FALSE,com.bsp.catchlog,-1,898,-74,-11,25,20,99,0,0,56,116,69,96,100,-1,-1,-1,-1,-1,-1,0.05KB/s,0.07KB/s,16021,,,,,,,,,,,,0,0,
14:20:50,FALSE,com.bsp.catchlog,-1,898,-74,-11,25,20,,,,,,,,,,,,,,,,,,,,,,,,,,,,,,,
14:20:52,FALSE,com.bsp.catchlog,-1,898,-74,-11,25,20,99,0,0,56,116,69,96,100,-1,-1,-1,-1,-1,-1,0.00KB/s,0.00KB/s,18026,,,,,,,,,,,,0,0,
14:20:52,FALSE,com.bsp.catchlog,-1,898,-74,-11,25,20,,,,,,,,,,,,,,,,,,,,,,,,,,,,,,,
14:20:54,FALSE,com.bsp.catchlog,-1,898,-74,-11,25,20,99,0,0,56,116,69,96,100,-1,-1,-1,-1,-1,-1,0.00KB/s,0.00KB/s,20024,,,,,,,,,,,,0,0,
14:20:54,FALSE,com.bsp.catchlog,-1,898,-74,-11,25,20,,,,,,,,,,,,,,,,,,,,,,,,,,,,,,,
14:20:56,FALSE,com.bsp.catchlog,-1,898,-74,-11,25,20,99,0,0,56,116,69,96,100,-1,-1,-1,-1,-1,-1,0.00KB/s,0.00KB/s,22042,,,,,,,,,,,,0,0,
14:20:56,FALSE,com.bsp.catchlog,-1,898,-74,-11,25,20,,,,,,,,,,,,,,,,,,,,,,,,,,,,,,,
14:20:58,FALSE,com.bsp.catchlog,-1,898,-74,-11,25,20,99,0,0,56,116,69,96,100,-1,-1,-1,-1,-1,-1,0.00KB/s,0.00KB/s,24045,,,,,,,,,,,,0,0,
14:20:58,FALSE,com.bsp.catchlog,-1,898,-74,-11,25,20,,,,,,,,,,,,,,,,,,,,,,,,,,,,,,,
14:21:00,FALSE,com.miui.home,-1,898,-74,-11,25,20,99,0,0,56,116,68,96,100,0,-1,-1,-1,43,100,1.27KB/s,23.69KB/s,26042,,,,,,,,,,,,0,0,
14:21:00,FALSE,com.miui.home,-1,898,-74,-11,25,20,,,,,,,,,,,,,,,,,,,,,,,,,,,,,,,
14:21:02,FALSE,com.miui.home,-1,898,-74,-11,25,20,99,0,0,56,116,68,96,100,-1,-1,-1,-1,-1,-1,0.00KB/s,0.00KB/s,28045,,,,,,,,,,,,0,0,
14:21:02,FALSE,com.miui.home,-1,898,-74,-11,25,20,,,,,,,,,,,,,,,,,,,,,,,,,,,,,,,
14:21:04,FALSE,com.miui.home,-1,898,-67,-11,32,20,99,0,0,56,116,68,96,100,-1,-1,-1,-1,-1,-1,0.08KB/s,0.11KB/s,30048,,,,,,,,,,,,0,0,
14:21:04,FALSE,com.miui.home,-1,898,-67,-11,32,20,,,,,,,,,,,,,,,,,,,,,,,,,,,,,,,
14:21:06,FALSE,com.miui.home,-1,898,-67,-11,32,20,99,0,0,56,116,68,96,100,-1,-1,-1,-1,1,100,0.41KB/s,8.91KB/s,32062,,,,,,,,,,,,0,0,
14:21:06,FALSE,com.miui.home,-1,898,-67,-11,32,20,,,,,,,,,,,,,,,,,,,,,,,,,,,,,,,
14:21:08,FALSE,com.tencent.mm,-1,898,-67,-11,32,20,99,0,0,56,116,68,96,100,0,-1,-1,-1,-1,-1,17.40KB/s,15.87KB/s,34055,55650,65861,56375,42762,105,108,0,0,0,1,1,0,0,
14:21:08,FALSE,com.tencent.mm,-1,898,-67,-11,32,20,,,,,,,,,,,,,,,,,,,,,,,,,,,,,,,
14:21:10,FALSE,com.tencent.mm,-1,898,-67,-11,32,20,99,0,0,56,116,65,97,100,0,-1,-1,-1,30,100,3.48KB/s,5.20KB/s,36061,64484,114289,62989,42762,1,0,0,0,0,1,0,0,0,
14:21:10,FALSE,com.tencent.mm,-1,898,-67,-11,32,20,,,,,,,,,,,,,,,,,,,,,,,,,,,,,,,
14:21:12,FALSE,com.tencent.mm,-1,898,-67,-11,32,20,99,0,0,56,116,65,97,100,-1,-1,-1,-1,-1,-1,0.00KB/s,0.00KB/s,38070,96726,46433,78363,42762,0,0,0,0,0,0,0,0,0,
14:21:12,FALSE,com.tencent.mm,-1,898,-67,-11,32,20,,,,,,,,,,,,,,,,,,,,,,,,,,,,,,,
14:21:14,FALSE,com.tencent.mm,-1,898,-67,-11,32,20,99,0,0,56,116,64,97,100,0,-1,-1,-1,5,100,2.49KB/s,0.88KB/s,40075,96726,46433,78363,42762,0,0,0,0,0,0,0,0,0,
14:21:14,FALSE,com.tencent.mm,-1,898,-67,-11,32,20,,,,,,,,,,,,,,,,,,,,,,,,,,,,,,,
14:21:16,FALSE,com.tencent.mm,-1,898,-67,-11,32,20,99,0,0,56,116,64,97,100,-1,0,-1,106,-1,-1,0.00KB/s,0.00KB/s,42080,147596,81380,0,103590,0,0,0,0,0,0,0,0,0,
14:21:16,FALSE,com.tencent.mm,-1,898,-67,-11,32,20,,,,,,,,,,,,,,,,,,,,,,,,,,,,,,,
14:21:18,FALSE,com.tencent.mm,-1,898,-67,-11,32,20,99,0,0,56,116,64,97,100,-1,-1,-1,-1,-1,-1,0.00KB/s,0.00KB/s,44093,147596,81380,0,103590,0,0,0,0,0,0,0,0,0,
14:21:18,FALSE,com.tencent.mm,-1,898,-67,-11,32,20,,,,,,,,,,,,,,,,,,,,,,,,,,,,,,,
14:21:20,FALSE,com.tencent.mm,-1,898,-69,-11,31,20,99,0,0,56,116,64,97,100,-1,-1,-1,-1,-1,-1,0.04KB/s,0.07KB/s,46096,147596,81380,0,103590,0,0,0,0,0,0,0,0,0,
14:21:20,FALSE,com.tencent.mm,-1,898,-69,-11,31,20,,,,,,,,,,,,,,,,,,,,,,,,,,,,,,,
14:21:22,FALSE,com.tencent.mm,-1,898,-69,-11,31,20,99,0,0,56,116,64,97,100,-1,-1,-1,-1,-1,-1,0.00KB/s,0.00KB/s,48103,147596,81380,0,103590,0,0,0,0,0,0,0,0,0,
14:21:22,FALSE,com.tencent.mm,-1,898,-69,-11,31,20,,,,,,,,,,,,,,,,,,,,,,,,,,,,,,,
14:21:24,FALSE,com.tencent.mm,-1,898,-69,-11,31,20,99,0,0,56,116,64,97,100,-1,-1,-1,-1,-1,-1,0.00KB/s,0.00KB/s,50110,147596,81380,0,103590,0,0,0,0,0,0,0,0,0,
14:21:24,FALSE,com.tencent.mm,-1,898,-69,-11,31,20,,,,,,,,,,,,,,,,,,,,,,,,,,,,,,,
14:21:26,FALSE,com.tencent.mm,-1,898,-69,-11,31,20,99,0,0,56,116,64,97,100,-1,-1,-1,-1,-1,-1,0.00KB/s,0.00KB/s,52117,147596,81380,0,103590,0,0,0,0,0,0,0,0,0,
14:21:26,FALSE,com.tencent.mm,-1,898,-69,-11,31,20,,,,,,,,,,,,,,,,,,,,,,,,,,,,,,,
14:21:28,FALSE,com.tencent.mm,-1,898,-69,-11,31,20,99,0,0,56,116,64,97,100,-1,-1,-1,-1,-1,-1,0.02KB/s,0.02KB/s,54118,147596,81380,0,103590,0,0,0,0,0,0,0,0,0,
14:21:28,FALSE,com.tencent.mm,-1,898,-69,-11,31,20,,,,,,,,,,,,,,,,,,,,,,,,,,,,,,,
14:21:30,FALSE,com.tencent.mm,-1,898,-69,-11,31,20,99,0,0,56,116,64,97,100,-1,-1,-1,-1,-1,-1,0.00KB/s,0.00KB/s,56132,147596,81380,0,103590,0,0,0,0,0,0,0,0,0,
14:21:30,FALSE,com.tencent.mm,-1,898,-69,-11,31,20,,,,,,,,,,,,,,,,,,,,,,,,,,,,,,,
14:21:32,FALSE,com.tencent.mm,-1,898,-69,-11,31,20,99,0,0,56,116,64,97,100,-1,-1,-1,-1,-1,-1,0.00KB/s,0.00KB/s,58137,147596,81380,0,103590,0,0,0,0,0,0,0,0,0,
14:21:32,FALSE,com.tencent.mm,-1,898,-69,-11,31,20,,,,,,,,,,,,,,,,,,,,,,,,,,,,,,,
14:21:34,FALSE,com.tencent.mm,-1,898,-69,-11,31,20,99,0,0,56,116,64,97,100,-1,-1,-1,-1,-1,-1,0.00KB/s,0.00KB/s,60143,147596,81380,0,103590,0,0,0,0,0,0,0,0,0,
14:21:34,FALSE,com.tencent.mm,-1,898,-69,-11,31,20,,,,,,,,,,,,,,,,,,,,,,,,,,,,,,,
14:21:36,FALSE,com.tencent.mm,-1,898,-69,-11,31,20,99,0,0,56,116,64,97,100,-1,-1,-1,-1,-1,-1,0.00KB/s,0.00KB/s,62147,147596,81380,0,103590,0,0,0,0,0,0,0,0,0,
14:21:36,FALSE,com.tencent.mm,-1,898,-69,-11,31,20,,,,,,,,,,,,,,,,,,,,,,,,,,,,,,,
14:21:38,FALSE,com.tencent.mm,-1,898,-69,-11,31,20,99,0,0,56,116,64,97,100,-1,-1,-1,-1,-1,-1,0.00KB/s,0.00KB/s,64157,147596,81380,0,103590,0,0,0,0,0,0,0,0,0,
14:21:38,FALSE,com.tencent.mm,-1,898,-69,-11,31,20,,,,,,,,,,,,,,,,,,,,,,,,,,,,,,,
14:21:40,FALSE,com.tencent.mm,-1,898,-69,-11,31,20,99,0,0,56,116,64,97,100,-1,-1,-1,-1,-1,-1,0.00KB/s,0.00KB/s,66162,147596,81380,0,103590,0,0,0,0,0,0,0,0,0,
14:21:40,FALSE,com.tencent.mm,-1,898,-69,-11,31,20,,,,,,,,,,,,,,,,,,,,,,,,,,,,,,,
14:21:42,FALSE,com.tencent.mm,-1,898,-69,-11,31,20,99,0,0,56,116,64,97,100,-1,-1,-1,-1,-1,-1,0.00KB/s,0.00KB/s,68169,147596,81380,0,103590,0,0,0,0,0,0,0,0,0,
14:21:42,FALSE,com.tencent.mm,-1,898,-69,-11,31,20,,,,,,,,,,,,,,,,,,,,,,,,,,,,,,,
14:21:44,FALSE,com.tencent.mm,-1,898,-69,-11,31,20,99,0,0,56,116,64,97,100,-1,-1,-1,-1,-1,-1,0.07KB/s,0.11KB/s,70178,147596,81380,0,103590,0,0,0,0,0,0,0,0,0,
14:21:44,FALSE,com.tencent.mm,-1,898,-69,-11,31,20,,,,,,,,,,,,,,,,,,,,,,,,,,,,,,,
14:21:46,FALSE,com.tencent.mm,-1,898,-69,-11,31,20,99,0,0,56,115,64,97,100,0,-1,-1,110,79,100,2.48KB/s,2.27KB/s,72182,147596,81380,0,103590,0,0,0,0,0,0,0,0,0,
14:21:46,FALSE,com.tencent.mm,-1,898,-69,-11,31,20,,,,,,,,,,,,,,,,,,,,,,,,,,,,,,,
14:21:48,FALSE,com.tencent.mm,-1,898,-69,-11,31,20,99,0,0,56,115,64,97,100,-1,-1,-1,-1,-1,-1,0.08KB/s,0.00KB/s,74193,147596,81380,0,103590,0,0,0,0,0,0,0,0,0,
14:21:48,FALSE,com.tencent.mm,-1,898,-69,-11,31,20,,,,,,,,,,,,,,,,,,,,,,,,,,,,,,,
14:21:50,FALSE,com.tencent.mm,-1,898,-69,-11,31,20,99,0,0,56,115,64,97,100,-1,-1,-1,-1,-1,-1,0.03KB/s,0.00KB/s,76195,147596,81380,0,103590,0,0,0,0,0,0,0,0,0,
14:21:50,FALSE,com.tencent.mm,-1,898,-69,-11,31,20,,,,,,,,,,,,,,,,,,,,,,,,,,,,,,,
14:21:52,FALSE,com.tencent.mm,-1,898,-69,-11,31,20,99,0,0,56,115,64,97,100,-1,-1,-1,-1,-1,-1,0.00KB/s,0.00KB/s,78204,147596,81380,0,103590,0,0,0,0,0,0,0,0,0,
14:21:52,FALSE,com.tencent.mm,-1,898,-69,-11,31,20,,,,,,,,,,,,,,,,,,,,,,,,,,,,,,,
14:21:54,FALSE,com.tencent.mm,-1,898,-69,-11,31,20,99,0,0,56,115,64,97,100,-1,-1,-1,-1,-1,-1,0.00KB/s,0.00KB/s,80210,147596,81380,0,103590,0,0,0,0,0,0,0,0,0,
14:21:54,FALSE,com.tencent.mm,-1,898,-69,-11,31,20,,,,,,,,,,,,,,,,,,,,,,,,,,,,,,,
14:21:56,FALSE,com.tencent.mm,-1,898,-69,-11,31,20,99,0,0,56,115,64,97,100,-1,-1,-1,-1,-1,-1,0.00KB/s,0.00KB/s,82218,147596,81380,0,103590,0,0,0,0,0,0,0,0,0,
14:21:56,FALSE,com.tencent.mm,-1,898,-69,-11,31,20,,,,,,,,,,,,,,,,,,,,,,,,,,,,,,,
14:21:58,FALSE,com.tencent.mm,-1,898,-69,-11,31,20,99,0,0,56,115,64,97,100,-1,-1,-1,-1,-1,-1,0.00KB/s,0.00KB/s,84221,147596,81380,0,103590,0,0,0,0,0,0,0,0,0,
14:21:58,FALSE,com.tencent.mm,-1,898,-69,-11,31,20,,,,,,,,,,,,,,,,,,,,,,,,,,,,,,,
14:22:00,FALSE,com.tencent.mm,-1,898,-69,-11,31,20,99,0,0,56,115,64,97,100,-1,-1,-1,-1,-1,-1,0.00KB/s,0.00KB/s,86228,147596,81380,0,103590,0,0,0,0,0,0,0,0,0,
14:22:00,FALSE,com.tencent.mm,-1,898,-69,-11,31,20,,,,,,,,,,,,,,,,,,,,,,,,,,,,,,,
14:22:02,FALSE,com.tencent.mm,-1,898,-69,-11,31,20,99,0,0,56,115,64,97,100,0,-1,-1,-1,-1,-1,2.05KB/s,1.01KB/s,88224,147596,81380,0,103590,0,0,0,0,0,0,0,0,0,
14:22:02,FALSE,com.tencent.mm,-1,898,-69,-11,31,20,,,,,,,,,,,,,,,,,,,,,,,,,,,,,,,
14:22:04,FALSE,com.tencent.mm,-1,898,-69,-11,31,20,99,0,0,56,115,64,97,100,0,-1,-1,-1,-1,-1,3.68KB/s,3.05KB/s,90229,96979,50430,48489,45074,3,2,0,0,0,0,0,0,0,
14:22:04,FALSE,com.tencent.mm,-1,898,-69,-11,31,20,,,,,,,,,,,,,,,,,,,,,,,,,,,,,,,
14:22:06,FALSE,com.tencent.mm,-1,898,-69,-11,31,20,99,0,0,56,115,64,97,100,0,-1,-1,-1,-1,-1,2.66KB/s,1.39KB/s,92237,102403,52902,51201,48454,3,2,0,0,0,0,0,0,0,
14:22:06,FALSE,com.tencent.mm,-1,898,-69,-11,31,20,,,,,,,,,,,,,,,,,,,,,,,,,,,,,,,
14:22:08,FALSE,com.tencent.mm,-1,898,-69,-11,31,20,99,0,0,56,115,63,97,100,0,-1,-1,-1,13,100,29.73KB/s,6045.21KB/s,94241,53913,26194,49537,20002,782,7662,0,0,0,0,0,0,0,
14:22:08,FALSE,com.tencent.mm,-1,898,-69,-11,31,20,,,,,,,,,,,,,,,,,,,,,,,,,,,,,,,
14:22:10,FALSE,com.miui.home,-1,898,-69,-11,31,20,99,0,0,56,115,63,97,100,0,-1,-1,-1,-1,-1,8.86KB/s,0.82KB/s,96239,53913,26194,49537,20002,147,1412,0,0,0,0,0,0,0,
14:22:10,FALSE,com.duapps.recorder,-1,898,-69,-11,31,20,,,,,,,,,,,,,,,,,,,,,,,,,,,,,,,
14:22:12,FALSE,com.duapps.recorder,-1,898,-69,-11,31,20,99,6,0,56,115,59,97,100,29,-1,-1,-1,24,100,125.45KB/s,192.00KB/s,98241,51545,23769,48559,20002,9,6,0,0,0,0,0,0,0,
14:22:12,FALSE,com.duapps.recorder,-1,898,-69,-11,31,20,,,,,,,,,,,,,,,,,,,,,,,,,,,,,,,
14:22:14,FALSE,com.tencent.mm,-1,898,-69,-11,31,20,99,7,0,56,115,58,97,100,13,-1,-1,-1,19,100,130.24KB/s,3500.50KB/s,100250,38090,18625,37046,15055,398,4146,0,0,0,0,0,0,0,
14:22:14,FALSE,com.tencent.mm,-1,898,-69,-11,31,20,,,,,,,,,,,,,,,,,,,,,,,,,,,,,,,
14:22:16,FALSE,com.tencent.mm,-1,898,-69,-11,31,20,99,6,0,56,114,57,96,100,0,0,-1,59,28,66,173.64KB/s,15.55KB/s,102252,38090,18625,37046,15055,67,958,0,0,0,0,0,0,0,
14:22:16,FALSE,com.tencent.mm,-1,898,-69,-11,31,20,,,,,,,,,,,,,,,,,,,,,,,,,,,,,,,
14:22:18,FALSE,com.miui.home,-1,898,-69,-11,31,20,99,6,0,56,114,56,96,100,17,-1,-1,-1,16,100,238.99KB/s,19.45KB/s,104250,38090,18625,37046,15055,0,0,0,0,0,0,0,0,0,
14:22:18,FALSE,com.miui.securitycenter,-1,898,-69,-11,31,20,,,,,,,,,,,,,,,,,,,,,,,,,,,,,,,
14:22:20,FALSE,com.miui.securitycenter,1,898,-69,-11,31,20,99,7,0,56,114,56,96,100,67,-1,-1,-1,28,100,249.18KB/s,12.90KB/s,106252,37192,18513,36238,15055,2,1,0,0,0,0,0,0,0,
14:22:20,FALSE,com.miui.home,1,898,-69,-11,31,20,,,,,,,,,,,,,,,,,,,,,,,,,,,,,,,
14:22:22,FALSE,com.miui.home,1,898,-69,-11,31,20,99,7,0,56,114,55,96,100,0,-1,-1,-1,17,100,272.57KB/s,12.69KB/s,108255,37192,18513,36238,15055,0,0,0,0,0,0,0,0,0,
14:22:22,FALSE,com.miui.home,1,898,-69,-11,31,20,,,,,,,,,,,,,,,,,,,,,,,,,,,,,,,
14:22:24,FALSE,com.miui.home,1,898,-77,-11,29,20,99,7,0,56,114,55,96,100,-1,-1,-1,-1,-1,-1,261.99KB/s,9.91KB/s,110260,37192,18513,36238,15055,0,0,0,0,0,0,0,0,0,
14:22:24,FALSE,com.miui.home,1,898,-77,-11,29,20,,,,,,,,,,,,,,,,,,,,,,,,,,,,,,,
14:22:26,FALSE,com.miui.home,1,898,-77,-11,29,20,99,8,0,56,114,54,96,100,67,-1,-1,-1,2,100,262.49KB/s,96.59KB/s,112266,37192,18513,36238,15055,0,0,0,0,0,0,0,0,0,
14:22:26,FALSE,com.tencent.mm,1,898,-77,-11,29,20,,,,,,,,,,,,,,,,,,,,,,,,,,,,,,,
14:22:28,FALSE,com.tencent.mm,1,898,-77,-11,29,20,99,8,0,56,114,54,96,100,0,-1,-1,-1,-1,-1,286.12KB/s,23.49KB/s,114261,35858,17562,35038,15055,4,2,0,0,0,0,0,0,0,
14:22:28,FALSE,com.tencent.mm,1,898,-77,-11,29,20,,,,,,,,,,,,,,,,,,,,,,,,,,,,,,,
14:22:30,FALSE,com.tencent.mm,1,898,-77,-11,29,20,99,8,0,56,114,54,96,100,-1,-1,-1,-1,-1,-1,216.08KB/s,10.84KB/s,116265,43087,22496,40515,20002,0,0,0,0,0,0,0,0,0,
14:22:30,FALSE,com.tencent.mm,1,898,-77,-11,29,20,,,,,,,,,,,,,,,,,,,,,,,,,,,,,,,
14:22:32,FALSE,com.tencent.mm,1,898,-77,-11,29,20,99,8,0,56,114,54,96,100,0,-1,-1,-1,-1,-1,229.57KB/s,10.53KB/s,118263,43087,22496,40515,20002,0,0,0,0,0,0,0,0,0,
14:22:32,FALSE,com.tencent.mm,1,898,-77,-11,29,20,,,,,,,,,,,,,,,,,,,,,,,,,,,,,,,
14:22:34,FALSE,com.tencent.mm,1,635,-77,-11,29,20,99,8,0,56,114,54,96,100,0,-1,-1,-1,-1,-1,25.00KB/s,23.40KB/s,120280,43144,21009,40047,20002,3,3,0,0,0,0,0,0,0,
14:22:34,FALSE,com.tencent.mm,1,635,-77,-11,29,20,,,,,,,,,,,,,,,,,,,,,,,,,,,,,,,
14:22:36,FALSE,com.tencent.mm,1,445,-77,-11,29,20,99,8,0,56,114,54,96,100,0,-1,-1,-1,-1,-1,1.00KB/s,1.47KB/s,122276,43144,21009,40047,20002,0,0,0,0,0,0,0,0,0,
14:22:36,FALSE,com.tencent.mm,1,301,-77,-11,29,20,,,,,,,,,,,,,,,,,,,,,,,,,,,,,,,
14:22:38,FALSE,com.tencent.mm,1,301,-77,-11,29,20,99,8,0,56,114,54,96,100,0,-1,-1,-1,-1,-1,4.64KB/s,3.19KB/s,124281,39329,74906,34959,20002,8,2,0,0,0,4,0,0,0,
14:22:38,FALSE,com.tencent.mm,1,634,-77,-11,29,20,,,,,,,,,,,,,,,,,,,,,,,,,,,,,,,
14:22:40,FALSE,com.tencent.mm,3,634,-77,-11,29,20,99,8,0,56,114,54,96,100,0,-1,-1,-1,-1,-1,2.60KB/s,2.03KB/s,126284,53315,26179,44429,20002,3,2,0,0,0,0,0,0,0,
14:22:40,FALSE,com.tencent.mm,3,634,-77,-11,29,20,,,,,,,,,,,,,,,,,,,,,,,,,,,,,,,
14:22:42,FALSE,com.tencent.mm,3,634,-77,-11,29,20,99,7,0,56,114,54,96,100,0,-1,-1,-1,-1,-1,66.73KB/s,47.43KB/s,128278,44311,21314,41535,20002,3,2,0,0,0,0,0,0,0,
14:22:42,FALSE,com.tencent.mm,3,634,-77,-11,29,20,,,,,,,,,,,,,,,,,,,,,,,,,,,,,,,
14:22:44,FALSE,com.tencent.mm,3,634,-77,-11,29,20,99,7,0,56,114,54,96,100,0,-1,-1,-1,-1,-1,94.32KB/s,125.76KB/s,130287,44311,21314,41535,20002,0,0,0,0,0,0,0,0,0,
14:22:44,FALSE,com.tencent.mm,3,634,-77,-11,29,20,,,,,,,,,,,,,,,,,,,,,,,,,,,,,,,
14:22:46,FALSE,com.tencent.mm,3,634,-77,-11,29,20,99,7,0,56,113,54,96,100,0,0,-1,48,-1,-1,154.30KB/s,146.97KB/s,132291,44193,20698,41437,20002,3,2,0,0,0,0,0,0,0,
14:22:46,FALSE,com.tencent.mm,3,634,-77,-11,29,20,,,,,,,,,,,,,,,,,,,,,,,,,,,,,,,
14:22:48,FALSE,com.tencent.mm,3,634,-77,-11,29,20,99,7,0,56,113,54,96,100,-1,-1,-1,-1,-1,-1,233.84KB/s,176.97KB/s,134293,44193,20698,41437,20002,0,0,0,0,0,0,0,0,0,
14:22:48,FALSE,com.tencent.mm,3,634,-77,-11,29,20,,,,,,,,,,,,,,,,,,,,,,,,,,,,,,,
14:22:50,FALSE,com.tencent.mm,3,634,-77,-11,29,20,99,7,0,56,113,54,96,100,0,-1,-1,-1,-1,-1,216.58KB/s,124.81KB/s,136299,44193,20698,41437,20002,0,0,0,0,0,0,0,0,0,
14:22:50,FALSE,com.tencent.mm,3,634,-77,-11,29,20,,,,,,,,,,,,,,,,,,,,,,,,,,,,,,,
14:22:52,FALSE,com.android.systemui,3,634,-77,-11,29,20,99,8,0,56,113,54,96,100,34,-1,-1,-1,28,100,271.75KB/s,275.15KB/s,138295,44193,20698,41437,20002,0,0,0,0,0,0,0,0,0,
14:22:52,FALSE,com.tencent.mm,3,634,-77,-11,29,20,,,,,,,,,,,,,,,,,,,,,,,,,,,,,,,
14:22:54,FALSE,com.tencent.mm,3,634,-77,-11,29,20,99,8,0,56,113,54,96,100,-1,-1,-1,-1,-1,-1,271.20KB/s,170.57KB/s,140307,44193,20698,41437,20002,0,0,0,0,0,0,0,0,0,
14:22:54,FALSE,com.tencent.mm,3,634,-77,-11,29,20,,,,,,,,,,,,,,,,,,,,,,,,,,,,,,,
14:22:56,FALSE,com.android.systemui,3,634,-77,-11,29,20,99,7,0,56,113,54,96,100,0,-1,-1,-1,1,100,254.29KB/s,205.37KB/s,142304,44193,20698,41437,20002,0,0,0,0,0,0,0,0,0,
14:22:56,FALSE,com.tencent.mm,3,634,-77,-11,29,20,,,,,,,,,,,,,,,,,,,,,,,,,,,,,,,
14:22:58,FALSE,com.tencent.mm,3,634,-77,-11,29,20,99,7,0,56,113,54,96,100,-1,-1,-1,-1,-1,-1,259.64KB/s,172.83KB/s,144312,44193,20698,41437,20002,0,0,0,0,0,0,0,0,0,
14:22:58,FALSE,com.tencent.mm,3,634,-77,-11,29,20,,,,,,,,,,,,,,,,,,,,,,,,,,,,,,,
14:23:00,FALSE,com.tencent.mm,3,634,-77,-11,29,20,99,7,0,56,113,54,96,100,-1,-1,-1,-1,-1,-1,221.43KB/s,186.76KB/s,146316,44193,20698,41437,20002,0,0,0,0,0,0,0,0,0,
14:23:00,FALSE,com.tencent.mm,3,634,-77,-11,29,20,,,,,,,,,,,,,,,,,,,,,,,,,,,,,,,
14:23:02,FALSE,com.tencent.mm,3,634,-77,-11,29,20,99,7,0,56,113,54,96,100,-1,-1,-1,-1,-1,-1,266.69KB/s,187.80KB/s,148318,44193,20698,41437,20002,0,0,0,0,0,0,0,0,0,
14:23:02,FALSE,com.tencent.mm,3,634,-77,-11,29,20,,,,,,,,,,,,,,,,,,,,,,,,,,,,,,,
14:23:04,FALSE,com.tencent.mm,3,634,-77,-11,29,20,99,7,0,56,113,54,96,100,-1,-1,-1,-1,-1,-1,252.39KB/s,158.27KB/s,150320,44193,20698,41437,20002,0,0,0,0,0,0,0,0,0,
14:23:04,FALSE,com.tencent.mm,4,300,-77,-11,29,20,,,,,,,,,,,,,,,,,,,,,,,,,,,,,,,
14:23:06,FALSE,com.tencent.mm,4,300,-77,-11,29,20,99,7,0,56,113,54,96,100,-1,-1,-1,-1,-1,-1,261.85KB/s,172.70KB/s,152323,44193,20698,41437,20002,0,0,0,0,0,0,0,0,0,
14:23:06,FALSE,com.tencent.mm,4,300,-77,-11,29,20,,,,,,,,,,,,,,,,,,,,,,,,,,,,,,,
14:23:08,FALSE,com.tencent.mm,4,300,-77,-11,29,20,99,7,0,56,113,54,96,100,-1,-1,-1,-1,-1,-1,246.84KB/s,170.88KB/s,154325,48166,22171,45278,28344,0,0,0,0,0,0,0,0,0,
14:23:08,FALSE,com.tencent.mm,4,300,-77,-11,29,20,,,,,,,,,,,,,,,,,,,,,,,,,,,,,,,
14:23:10,FALSE,com.tencent.mm,4,300,-77,-11,29,20,99,7,0,56,113,54,96,100,-1,-1,-1,-1,-1,-1,249.08KB/s,175.66KB/s,156333,48166,22171,45278,28344,0,0,0,0,0,0,0,0,0,
14:23:10,FALSE,com.tencent.mm,4,300,-77,-11,29,20,,,,,,,,,,,,,,,,,,,,,,,,,,,,,,,
14:23:12,FALSE,com.tencent.mm,4,300,-77,-11,29,20,99,7,0,56,113,54,96,100,0,-1,-1,-1,-1,-1,225.59KB/s,152.45KB/s,158337,48166,22171,45278,28344,0,0,0,0,0,0,0,0,0,
14:23:12,FALSE,com.tencent.mm,4,300,-77,-11,29,20,,,,,,,,,,,,,,,,,,,,,,,,,,,,,,,
14:23:14,FALSE,com.tencent.mm,4,300,-74,-11,18,20,99,7,0,56,113,54,96,100,-1,-1,-1,-1,-1,-1,265.23KB/s,182.98KB/s,160340,48166,22171,45278,28344,0,0,0,0,0,0,0,0,0,
14:23:14,FALSE,com.tencent.mm,4,300,-74,-11,18,20,,,,,,,,,,,,,,,,,,,,,,,,,,,,,,,
14:23:16,FALSE,com.tencent.mm,4,301,-74,-11,18,20,99,7,0,56,112,54,96,100,0,0,-1,51,-1,-1,257.43KB/s,173.55KB/s,162338,48903,23294,45867,28344,3,2,0,0,0,0,0,0,0,
14:23:16,FALSE,com.tencent.mm,4,301,-75,-11,16,20,,,,,,,,,,,,,,,,,,,,,,,,,,,,,,,
14:23:18,FALSE,com.tencent.mm,4,300,-75,-11,16,20,99,7,0,56,112,54,96,100,-1,-1,-1,-1,-1,-1,255.26KB/s,169.26KB/s,164346,48903,23294,45867,28344,0,0,0,0,0,0,0,0,0,
14:23:18,FALSE,com.tencent.mm,4,300,-75,-11,16,20,,,,,,,,,,,,,,,,,,,,,,,,,,,,,,,
14:23:20,FALSE,com.tencent.mm,4,300,-75,-11,16,20,99,7,0,56,112,54,96,100,-1,-1,-1,-1,-1,-1,258.36KB/s,171.50KB/s,166347,48903,23294,45867,28344,0,0,0,0,0,0,0,0,0,
14:23:20,FALSE,com.tencent.mm,4,300,-75,-11,16,20,,,,,,,,,,,,,,,,,,,,,,,,,,,,,,,
14:23:22,FALSE,com.tencent.mm,4,300,-75,-11,16,20,99,7,0,56,112,54,96,100,-1,-1,-1,-1,-1,-1,216.51KB/s,143.95KB/s,168351,48903,23294,45867,28344,0,0,0,0,0,0,0,0,0,
14:23:22,FALSE,com.tencent.mm,4,300,-74,-11,18,20,,,,,,,,,,,,,,,,,,,,,,,,,,,,,,,
14:23:24,FALSE,com.tencent.mm,4,300,-74,-11,18,20,99,7,0,56,112,54,96,100,-1,-1,-1,-1,-1,-1,270.41KB/s,155.25KB/s,170352,48903,23294,45867,28344,0,0,0,0,0,0,0,0,0,
14:23:24,FALSE,com.tencent.mm,4,300,-74,-11,18,20,,,,,,,,,,,,,,,,,,,,,,,,,,,,,,,
14:23:26,FALSE,com.tencent.mm,4,398,-74,-11,18,20,99,7,0,56,112,54,96,100,-1,-1,-1,-1,-1,-1,265.91KB/s,174.16KB/s,172358,48903,23294,45867,28344,0,0,0,0,0,0,0,0,0,
14:23:26,FALSE,com.tencent.mm,4,300,-78,-12,11,20,,,,,,,,,,,,,,,,,,,,,,,,,,,,,,,
14:23:28,FALSE,com.tencent.mm,4,300,-78,-12,11,20,99,7,0,56,112,54,96,100,-1,-1,-1,-1,-1,-1,254.88KB/s,176.75KB/s,174361,48903,23294,45867,28344,0,0,0,0,0,0,0,0,0,
14:23:28,FALSE,com.tencent.mm,4,300,-78,-12,11,20,,,,,,,,,,,,,,,,,,,,,,,,,,,,,,,
14:23:30,FALSE,com.tencent.mm,4,300,-73,-11,14,20,99,7,0,56,112,54,96,100,-1,-1,-1,-1,-1,-1,252.23KB/s,177.47KB/s,176370,48903,23294,45867,28344,0,0,0,0,0,0,0,0,0,
14:23:30,FALSE,com.tencent.mm,4,300,-73,-11,14,20,,,,,,,,,,,,,,,,,,,,,,,,,,,,,,,
14:23:32,FALSE,com.tencent.mm,4,300,-73,-11,14,20,99,7,0,56,112,54,96,100,0,-1,-1,-1,-1,-1,250.73KB/s,152.56KB/s,178372,51244,23699,47740,28344,3,2,0,0,0,0,0,0,0,
14:23:32,FALSE,com.tencent.mm,4,300,-73,-11,14,20,,,,,,,,,,,,,,,,,,,,,,,,,,,,,,,
14:23:34,FALSE,com.tencent.mm,4,300,-73,-11,14,20,99,7,0,56,112,54,96,100,-1,-1,-1,-1,-1,-1,224.52KB/s,156.35KB/s,180377,51244,23699,47740,28344,0,0,0,0,0,0,0,0,0,
14:23:34,FALSE,com.tencent.mm,4,300,-73,-11,14,20,,,,,,,,,,,,,,,,,,,,,,,,,,,,,,,
14:23:36,FALSE,com.tencent.mm,4,300,-66,-11,17,20,99,7,0,56,112,54,96,100,-1,-1,-1,-1,-1,-1,270.67KB/s,159.78KB/s,182379,51244,23699,47740,28344,0,0,0,0,0,0,0,0,0,
14:23:36,FALSE,com.tencent.mm,4,300,-66,-11,17,20,,,,,,,,,,,,,,,,,,,,,,,,,,,,,,,
14:23:38,FALSE,com.tencent.mm,4,95,-66,-11,17,20,99,7,0,56,112,54,96,100,-1,-1,-1,-1,-1,-1,254.17KB/s,157.74KB/s,184385,51244,23699,47740,28344,0,0,0,0,0,0,0,0,0,
14:23:38,FALSE,com.tencent.mm,4,300,-66,-11,17,20,,,,,,,,,,,,,,,,,,,,,,,,,,,,,,,
14:23:40,FALSE,com.tencent.mm,4,300,-66,-11,17,20,99,7,0,56,112,54,96,100,-1,-1,-1,-1,-1,-1,256.71KB/s,183.34KB/s,186387,51244,23699,47740,28344,0,0,0,0,0,0,0,0,0,
14:23:40,FALSE,com.tencent.mm,4,300,-69,-11,17,20,,,,,,,,,,,,,,,,,,,,,,,,,,,,,,,
14:23:42,FALSE,com.tencent.mm,4,300,-69,-11,17,20,99,7,0,56,112,54,96,100,-1,-1,-1,-1,-1,-1,252.94KB/s,172.09KB/s,188396,51244,23699,47740,28344,0,0,0,0,0,0,0,0,0,
14:23:42,FALSE,com.tencent.mm,4,300,-69,-11,17,20,,,,,,,,,,,,,,,,,,,,,,,,,,,,,,,
14:23:44,FALSE,com.tencent.mm,4,300,-69,-11,17,20,99,7,0,56,112,54,96,100,-1,-1,-1,-1,-1,-1,217.75KB/s,159.70KB/s,190394,51244,23699,47740,28344,0,0,0,0,0,0,0,0,0,
14:23:44,FALSE,com.tencent.mm,4,300,-77,-11,15,20,,,,,,,,,,,,,,,,,,,,,,,,,,,,,,,
14:23:46,FALSE,com.tencent.mm,4,95,-77,-11,15,20,99,7,0,56,111,54,96,100,-1,0,-1,54,-1,-1,266.44KB/s,195.26KB/s,192404,51244,23699,47740,28344,0,0,0,0,0,0,0,0,0,TRUE
14:23:46,FALSE,com.tencent.mm,4,95,-77,-11,15,20,,,,,,,,,,,,,,,,,,,,,,,,,,,,,,,TRUE
14:23:48,FALSE,com.tencent.mm,4,95,-77,-11,15,20,99,7,0,56,111,54,96,100,-1,-1,-1,-1,-1,-1,257.81KB/s,178.52KB/s,194406,51244,23699,47740,28344,0,0,0,0,0,0,0,0,0,
14:23:48,FALSE,com.tencent.mm,4,95,-77,-11,15,20,,,,,,,,,,,,,,,,,,,,,,,,,,,,,,,
14:23:50,FALSE,com.tencent.mm,4,95,-74,-11,19,20,99,7,0,56,111,54,96,100,-1,-1,-1,-1,-1,-1,241.13KB/s,152.54KB/s,196408,51244,23699,47740,28344,0,0,0,0,0,0,0,0,0,
14:23:50,FALSE,com.miui.home,4,95,-74,-11,19,20,,,,,,,,,,,,,,,,,,,,,,,,,,,,,,,
14:23:52,FALSE,com.miui.home,4,95,-74,-11,19,20,99,7,0,56,111,53,96,100,0,-1,-1,-1,23,100,251.58KB/s,161.67KB/s,198408,51244,23699,47740,28344,0,0,0,0,0,0,0,0,0,
14:23:52,FALSE,com.tencent.mm,4,95,-74,-11,19,20,,,,,,,,,,,,,,,,,,,,,,,,,,,,,,,
14:23:54,FALSE,com.tencent.mm,4,95,-81,-11,13,20,99,7,0,56,111,53,96,100,0,-1,-1,-1,6,100,250.43KB/s,159.83KB/s,200411,51244,23699,47740,28344,0,0,0,0,0,0,0,0,0,
14:23:54,FALSE,com.tencent.mm,4,95,-81,-11,13,20,,,,,,,,,,,,,,,,,,,,,,,,,,,,,,,
14:23:56,FALSE,com.tencent.mm,4,95,-81,-11,13,20,99,7,0,56,111,53,96,100,-1,-1,-1,-1,-1,-1,203.41KB/s,160.45KB/s,202419,51244,23699,47740,28344,0,0,0,0,0,0,0,0,0,
14:23:56,FALSE,com.tencent.mm,4,95,-81,-11,13,20,,,,,,,,,,,,,,,,,,,,,,,,,,,,,,,
14:23:58,FALSE,com.tencent.mm,4,95,-81,-11,13,20,99,7,0,56,111,53,96,100,-1,-1,-1,-1,-1,-1,272.88KB/s,162.86KB/s,204421,51244,23699,47740,28344,0,0,0,0,0,0,0,0,0,
14:23:58,FALSE,com.tencent.mm,4,95,-81,-11,13,20,,,,,,,,,,,,,,,,,,,,,,,,,,,,,,,
14:24:00,FALSE,com.tencent.mm,4,95,-81,-11,13,20,99,7,0,56,111,53,96,100,-1,-1,-1,-1,-1,-1,255.71KB/s,169.96KB/s,206426,51244,23699,47740,28344,0,0,0,0,0,0,0,0,0,
14:24:00,FALSE,com.tencent.mm,4,384,-81,-11,13,20,,,,,,,,,,,,,,,,,,,,,,,,,,,,,,,
14:24:02,FALSE,com.tencent.mm,4,384,-81,-11,13,20,99,7,0,56,111,53,96,100,0,-1,-1,-1,-1,-1,236.24KB/s,165.00KB/s,208430,65884,33562,59452,28344,3,2,0,0,0,0,0,0,0,
14:24:02,FALSE,com.tencent.mm,4,384,-81,-11,13,20,,,,,,,,,,,,,,,,,,,,,,,,,,,,,,,
14:24:04,FALSE,com.tencent.mm,4,384,-81,-11,13,20,99,7,0,56,111,53,96,100,-1,-1,-1,-1,-1,-1,253.91KB/s,176.71KB/s,210439,65884,33562,59452,28344,0,0,0,0,0,0,0,0,0,
14:24:04,FALSE,com.tencent.mm,4,384,-81,-11,13,20,,,,,,,,,,,,,,,,,,,,,,,,,,,,,,,
14:24:06,FALSE,com.tencent.mm,4,384,-81,-11,13,20,99,7,0,56,111,53,96,100,0,-1,-1,-1,36,100,221.48KB/s,156.63KB/s,212437,65884,33562,59452,28344,0,0,0,0,0,0,0,0,0,
14:24:06,FALSE,com.tencent.mm,4,384,-81,-11,13,20,,,,,,,,,,,,,,,,,,,,,,,,,,,,,,,
14:24:08,FALSE,com.tencent.mm,4,384,-81,-11,13,20,99,7,0,56,111,53,96,100,-1,-1,-1,-1,42,100,234.07KB/s,146.74KB/s,214440,65884,33562,59452,28344,0,0,0,0,0,0,0,0,0,
14:24:08,FALSE,com.tencent.mm,4,384,-81,-11,13,20,,,,,,,,,,,,,,,,,,,,,,,,,,,,,,,
14:24:10,FALSE,com.tencent.mm,4,384,-81,-11,13,20,99,7,0,56,111,53,96,100,-1,-1,-1,-1,-1,-1,258.84KB/s,198.18KB/s,216441,65884,33562,59452,28344,0,0,0,0,0,0,0,0,0,
14:24:10,FALSE,com.tencent.mm,4,384,-81,-11,13,20,,,,,,,,,,,,,,,,,,,,,,,,,,,,,,,
14:24:12,FALSE,com.tencent.mm,4,338,-87,-12,4,20,99,7,0,56,111,53,96,100,-1,-1,-1,-1,-1,-1,246.51KB/s,172.41KB/s,218438,65884,33562,59452,28344,0,0,0,0,0,0,0,0,0,
14:24:12,FALSE,com.tencent.mm,4,338,-87,-12,4,20,,,,,,,,,,,,,,,,,,,,,,,,,,,,,,,
14:24:14,FALSE,com.tencent.mm,4,338,-87,-12,4,20,99,7,0,56,111,53,96,100,-1,-1,-1,-1,-1,-1,256.42KB/s,176.51KB/s,220445,65884,33562,59452,28344,0,0,0,0,0,0,0,0,0,
14:24:14,FALSE,com.tencent.mm,4,338,-93,-14,2,20,,,,,,,,,,,,,,,,,,,,,,,,,,,,,,,
14:24:16,FALSE,com.tencent.mm,4,384,-93,-14,2,20,99,7,0,56,110,53,96,100,0,2,-1,53,2,100,263.68KB/s,186.86KB/s,222447,65884,33562,59452,28344,0,0,0,0,0,0,0,0,0,
14:24:16,FALSE,com.tencent.mm,4,384,-93,-14,2,20,,,,,,,,,,,,,,,,,,,,,,,,,,,,,,,
14:24:18,FALSE,com.tencent.mm,4,384,-91,-14,0,20,99,7,0,56,110,53,96,100,0,-1,-1,-1,85,100,207.29KB/s,167.40KB/s,224453,65884,33562,59452,28344,0,0,0,0,0,0,0,0,0,
14:24:18,FALSE,com.tencent.mm,4,384,-91,-14,0,20,,,,,,,,,,,,,,,,,,,,,,,,,,,,,,,
14:24:20,FALSE,com.tencent.mm,4,384,-91,-14,0,20,99,7,0,56,110,53,96,100,-1,-1,-1,-1,-1,-1,271.62KB/s,181.79KB/s,226458,65884,33562,59452,28344,0,0,0,0,0,0,0,0,0,
14:24:20,FALSE,com.tencent.mm,4,384,-84,-11,6,20,,,,,,,,,,,,,,,,,,,,,,,,,,,,,,,
14:24:22,FALSE,com.tencent.mm,4,384,-84,-11,6,20,99,7,0,56,110,53,96,100,0,-1,-1,-1,-1,-1,258.41KB/s,182.40KB/s,228460,65884,33562,59452,28344,0,0,0,0,0,0,0,0,0,
14:24:22,FALSE,com.tencent.mm,4,384,-84,-11,6,20,,,,,,,,,,,,,,,,,,,,,,,,,,,,,,,
14:24:24,FALSE,com.tencent.mm,4,384,-84,-11,6,20,99,7,0,56,110,53,96,100,-1,-1,-1,-1,-1,-1,265.08KB/s,182.21KB/s,230462,65884,33562,59452,28344,0,0,0,0,0,0,0,0,0,
14:24:24,FALSE,com.tencent.mm,4,89,-84,-11,6,20,,,,,,,,,,,,,,,,,,,,,,,,,,,,,,,
14:24:26,FALSE,com.tencent.mm,4,89,-84,-11,6,20,99,7,0,56,110,53,96,100,-1,-1,-1,-1,28,100,255.02KB/s,176.95KB/s,232467,65884,33562,59452,28344,0,0,0,0,0,0,0,0,0,
14:24:26,FALSE,com.tencent.mm,4,89,-84,-11,6,20,,,,,,,,,,,,,,,,,,,,,,,,,,,,,,,
14:24:28,FALSE,com.tencent.mm,4,89,-84,-11,6,20,99,7,0,56,110,52,96,100,0,-1,-1,-1,25,100,236.24KB/s,176.55KB/s,234472,65884,33562,59452,28344,0,0,0,0,0,0,0,0,0,
14:24:28,FALSE,com.tencent.mm,4,89,-84,-11,6,20,,,,,,,,,,,,,,,,,,,,,,,,,,,,,,,
14:24:30,FALSE,com.tencent.mm,4,89,-84,-11,6,20,99,7,0,56,110,52,96,100,0,-1,-1,-1,0,100,239.08KB/s,153.74KB/s,236471,65884,33562,59452,28344,0,0,0,0,0,0,0,0,0,
14:24:30,FALSE,com.tencent.mm,4,337,-84,-11,6,20,,,,,,,,,,,,,,,,,,,,,,,,,,,,,,,
14:24:32,FALSE,com.tencent.mm,4,337,-84,-11,6,20,99,7,0,56,110,52,96,100,0,-1,-1,-1,-1,-1,262.24KB/s,205.51KB/s,238474,49679,22778,46488,28344,3,2,0,0,0,0,0,0,0,
14:24:32,FALSE,com.tencent.mm,4,337,-84,-11,6,20,,,,,,,,,,,,,,,,,,,,,,,,,,,,,,,
14:24:34,FALSE,com.tencent.mm,4,337,-84,-11,6,20,99,7,0,56,110,52,96,100,-1,-1,-1,-1,-1,-1,258.93KB/s,182.21KB/s,240478,49679,22778,46488,28344,0,0,0,0,0,0,0,0,0,
14:24:34,FALSE,com.tencent.mm,4,338,-84,-11,6,20,,,,,,,,,,,,,,,,,,,,,,,,,,,,,,,
14:24:36,FALSE,com.tencent.mm,2,338,-65,-11,15,20,99,7,0,56,110,52,96,100,-1,-1,-1,-1,-1,-1,253.69KB/s,174.35KB/s,242481,49679,22778,46488,28344,0,0,0,0,0,0,0,0,0,
14:24:36,FALSE,com.tencent.mm,2,338,-65,-11,15,20,,,,,,,,,,,,,,,,,,,,,,,,,,,,,,,
14:24:38,FALSE,com.tencent.mm,2,338,-65,-11,15,20,99,7,0,56,110,52,96,100,100,-1,-1,-1,-1,-1,251.13KB/s,168.17KB/s,244487,49679,22778,46488,28344,0,0,0,0,0,0,0,0,0,
14:24:38,FALSE,com.tencent.mm,2,337,-65,-11,15,20,,,,,,,,,,,,,,,,,,,,,,,,,,,,,,,
14:24:40,FALSE,com.tencent.mm,2,337,-65,-11,15,20,99,7,0,56,110,52,96,100,0,-1,-1,-1,26,100,214.82KB/s,169.41KB/s,246487,49679,22778,46488,28344,0,0,0,0,0,0,0,0,0,
14:24:40,FALSE,com.tencent.mm,2,337,-65,-11,15,20,,,,,,,,,,,,,,,,,,,,,,,,,,,,,,,
14:24:42,FALSE,com.tencent.mm,2,337,-65,-11,15,20,99,7,0,56,110,51,96,100,-1,-1,-1,-1,15,100,267.23KB/s,176.92KB/s,248497,49679,22778,46488,28344,0,0,0,0,0,0,0,0,0,
14:24:42,FALSE,com.tencent.mm,2,337,-65,-11,15,20,,,,,,,,,,,,,,,,,,,,,,,,,,,,,,,
14:24:44,FALSE,com.tencent.mm,2,337,-65,-11,15,20,99,7,0,56,110,51,96,100,-1,-1,-1,-1,-1,-1,255.95KB/s,177.51KB/s,250497,49679,22778,46488,28344,0,0,0,0,0,0,0,0,0,
14:24:44,FALSE,com.tencent.mm,2,337,-60,-11,22,20,,,,,,,,,,,,,,,,,,,,,,,,,,,,,,,
14:24:46,FALSE,com.tencent.mm,3,337,-60,-11,22,20,99,7,0,56,109,51,96,100,-1,2,-1,50,-1,-1,254.23KB/s,178.48KB/s,252502,49679,22778,46488,28344,0,0,0,0,0,0,0,0,0,
14:24:46,FALSE,com.tencent.mm,3,236,-60,-11,22,20,,,,,,,,,,,,,,,,,,,,,,,,,,,,,,,
14:24:48,FALSE,com.tencent.mm,3,236,-66,-12,16,20,99,7,0,56,109,51,96,100,-1,-1,-1,-1,-1,-1,247.66KB/s,184.56KB/s,254506,49679,22778,46488,28344,0,0,0,0,0,0,0,0,0,
14:24:48,FALSE,com.tencent.mm,3,236,-66,-12,16,20,,,,,,,,,,,,,,,,,,,,,,,,,,,,,,,
14:24:50,FALSE,com.tencent.mm,3,236,-66,-12,16,20,99,7,0,56,109,51,96,100,0,-1,-1,-1,5,100,247.42KB/s,174.16KB/s,256506,49679,22778,46488,28344,0,0,0,0,0,0,0,0,0,
14:24:50,FALSE,com.tencent.mm,3,236,-66,-12,16,20,,,,,,,,,,,,,,,,,,,,,,,,,,,,,,,
14:44:22,FALSE,com.tencent.mm,4,753,-75,-11,33,20,99,5,0,58,95,76,96,100,2,0,63,72,100,96,134494.83KB/s,75704.80KB/s,1428688,60562,22933,30281,52932,0,0,0,0,0,0,0,22.5404,113.8931,
14:44:22,FALSE,com.tencent.mm,4,753,-75,-11,33,20,,,,,,,,,,,,,,,,,,,,,,,,,,,,,,,
14:44:24,FALSE,com.tencent.mm,4,753,-75,-11,33,20,99,5,0,58,95,76,96,100,100,-1,-1,-1,-1,-1,271.41KB/s,33.18KB/s,1430694,60202,23398,30101,51474,3,2,0,0,0,0,0,0,0,
14:44:24,FALSE,com.tencent.mm,4,753,-75,-11,33,20,,,,,,,,,,,,,,,,,,,,,,,,,,,,,,,
14:44:26,FALSE,com.tencent.mm,4,753,-75,-11,33,20,99,5,0,58,95,76,96,100,-1,-1,-1,-1,-1,-1,264.02KB/s,32.86KB/s,1432699,60202,23398,30101,51474,0,0,0,0,0,0,0,0,0,
14:44:26,FALSE,com.tencent.mm,4,753,-75,-11,33,20,,,,,,,,,,,,,,,,,,,,,,,,,,,,,,,
14:44:28,FALSE,com.tencent.mm,4,753,-75,-11,33,20,99,5,0,58,95,76,96,100,0,-1,-1,-1,2,100,249.06KB/s,56.90KB/s,1434691,60202,23398,30101,51474,0,0,0,0,0,0,0,0,0,
14:44:28,FALSE,com.android.systemui,4,753,-75,-11,33,20,,,,,,,,,,,,,,,,,,,,,,,,,,,,,,,
14:44:30,FALSE,com.tencent.mm,4,753,-75,-11,33,20,99,5,0,58,95,76,96,100,0,-1,-1,-1,-1,-1,245.66KB/s,54.38KB/s,1436698,60202,23398,30101,51474,0,0,0,0,0,0,0,0,0,
14:44:30,FALSE,com.tencent.mm,4,753,-75,-11,33,20,,,,,,,,,,,,,,,,,,,,,,,,,,,,,,,
14:44:32,FALSE,com.tencent.mm,4,753,-75,-11,33,20,99,5,0,58,95,76,96,100,-1,-1,-1,-1,-1,-1,235.28KB/s,56.55KB/s,1438706,60202,23398,30101,51474,0,0,0,0,0,0,0,0,0,
14:44:32,FALSE,com.tencent.mm,4,753,-75,-11,33,20,,,,,,,,,,,,,,,,,,,,,,,,,,,,,,,
14:44:34,FALSE,com.tencent.mm,4,753,-75,-11,33,20,99,5,0,58,95,76,96,100,-1,-1,-1,-1,-1,-1,251.53KB/s,67.28KB/s,1440710,60202,23398,30101,51474,0,0,0,0,0,0,0,0,0,
14:44:34,FALSE,com.tencent.mm,4,753,-75,-11,33,20,,,,,,,,,,,,,,,,,,,,,,,,,,,,,,,
14:44:36,FALSE,com.tencent.mm,4,753,-75,-11,33,20,99,5,0,58,95,76,96,100,-1,-1,-1,-1,-1,-1,263.67KB/s,55.02KB/s,1442712,60202,23398,30101,51474,0,0,0,0,0,0,0,0,0,
14:44:36,FALSE,com.tencent.mm,4,753,-75,-11,33,20,,,,,,,,,,,,,,,,,,,,,,,,,,,,,,,
14:44:38,FALSE,com.tencent.mm,1,753,-75,-11,33,20,99,5,0,58,95,76,96,100,-1,-1,-1,-1,-1,-1,256.76KB/s,53.46KB/s,1444717,60202,23398,30101,51474,0,0,0,0,0,0,0,0,0,
14:44:38,FALSE,com.tencent.mm,1,753,-75,-11,33,20,,,,,,,,,,,,,,,,,,,,,,,,,,,,,,,
14:44:40,FALSE,com.tencent.mm,2,753,-75,-11,33,20,99,5,0,58,95,76,96,100,-1,-1,-1,-1,-1,-1,255.95KB/s,64.21KB/s,1446727,60202,23398,30101,51474,0,0,0,0,0,0,0,0,0,
14:44:40,FALSE,com.tencent.mm,2,753,-75,-11,33,20,,,,,,,,,,,,,,,,,,,,,,,,,,,,,,,
14:44:42,FALSE,com.tencent.mm,2,753,-75,-11,33,20,99,5,0,58,95,76,96,100,-1,-1,-1,-1,-1,-1,251.78KB/s,56.80KB/s,1448723,60202,23398,30101,51474,0,0,0,0,0,0,0,0,0,
14:44:42,FALSE,com.tencent.mm,2,753,-75,-11,33,20,,,,,,,,,,,,,,,,,,,,,,,,,,,,,,,
14:44:44,FALSE,com.tencent.mm,2,753,-75,-11,33,20,99,5,0,58,95,76,96,100,-1,-1,-1,-1,-1,-1,208.79KB/s,75.43KB/s,1450730,60202,23398,30101,51474,0,0,0,0,0,0,0,0,0,
14:44:44,FALSE,com.tencent.mm,2,753,-91,-11,32,20,,,,,,,,,,,,,,,,,,,,,,,,,,,,,,,
14:44:46,FALSE,com.tencent.mm,2,753,-91,-11,32,20,99,5,0,58,94,75,96,100,0,4,-1,27,23,60,280.91KB/s,53.74KB/s,1452727,60202,23398,30101,51474,0,0,0,0,0,0,0,0,0,
14:44:46,FALSE,com.tencent.mm,2,753,-91,-11,32,20,,,,,,,,,,,,,,,,,,,,,,,,,,,,,,,
14:44:48,FALSE,com.tencent.mm,2,753,-91,-11,32,20,99,5,0,58,94,75,96,100,-1,-1,-1,-1,-1,-1,251.16KB/s,78.55KB/s,1454738,60202,23398,30101,51474,0,0,0,0,0,0,0,0,0,
14:44:48,FALSE,com.tencent.mm,2,753,-91,-11,32,20,,,,,,,,,,,,,,,,,,,,,,,,,,,,,,,
14:44:50,FALSE,com.tencent.mm,2,753,-91,-11,32,20,99,5,0,58,94,75,96,100,-1,-1,-1,-1,-1,-1,255.56KB/s,59.35KB/s,1456745,60202,23398,30101,51474,0,0,0,0,0,0,0,0,0,
14:44:50,FALSE,com.tencent.mm,2,753,-91,-11,32,20,,,,,,,,,,,,,,,,,,,,,,,,,,,,,,,
14:44:52,FALSE,com.tencent.mm,2,753,-91,-11,32,20,99,5,0,58,94,75,96,100,0,-1,-1,-1,-1,-1,255.43KB/s,48.16KB/s,1458747,60202,23398,30101,51474,0,0,0,0,0,0,0,0,0,
14:44:52,FALSE,com.tencent.mm,2,753,-91,-11,32,20,,,,,,,,,,,,,,,,,,,,,,,,,,,,,,,
14:44:54,FALSE,com.tencent.mm,2,2.15E+09,-94,-11,29,20,99,5,0,58,94,75,96,100,100,-1,-1,-1,39,100,235.07KB/s,56.81KB/s,1460746,58714,22821,29357,48522,3,2,0,0,0,0,0,0,0,
14:44:54,FALSE,com.tencent.mm,2,373,-96,-7,28,14,,,,,,,,,,,,,,,,,,,,,,,,,,,,,,,
14:44:56,FALSE,com.tencent.mm,2,373,-96,-7,28,14,99,5,0,58,94,75,96,100,-1,-1,-1,-1,-1,-1,247.43KB/s,36.36KB/s,1462750,58714,22821,29357,48522,0,0,0,0,0,0,0,0,0,
14:44:56,FALSE,com.tencent.mm,2,373,-96,-7,28,14,,,,,,,,,,,,,,,,,,,,,,,,,,,,,,,
14:44:58,FALSE,com.tencent.mm,2,373,-96,-7,28,14,99,5,0,58,94,75,96,100,-1,-1,-1,-1,-1,-1,262.10KB/s,39.02KB/s,1464753,58714,22821,29357,48522,0,0,0,0,0,0,0,0,0,
14:44:58,FALSE,com.tencent.mm,2,373,-96,-7,28,14,,,,,,,,,,,,,,,,,,,,,,,,,,,,,,,
14:45:00,FALSE,com.tencent.mm,2,373,-96,-7,28,14,99,5,0,58,94,75,96,100,-1,-1,-1,-1,-1,-1,248.00KB/s,40.40KB/s,1466756,58714,22821,29357,48522,0,0,0,0,0,0,0,0,0,
14:45:00,FALSE,com.tencent.mm,2,373,-96,-7,28,14,,,,,,,,,,,,,,,,,,,,,,,,,,,,,,,
14:45:02,FALSE,com.tencent.mm,2,373,-96,-7,28,14,99,5,0,58,94,75,96,100,-1,-1,-1,-1,-1,-1,260.13KB/s,70.11KB/s,1468761,58714,22821,29357,48522,0,0,0,0,0,0,0,0,0,
14:45:02,FALSE,com.tencent.mm,2,373,-96,-7,28,14,,,,,,,,,,,,,,,,,,,,,,,,,,,,,,,
14:45:04,FALSE,com.tencent.mm,2,373,-96,-7,28,14,99,5,0,58,94,75,96,100,-1,-1,-1,-1,-1,-1,258.99KB/s,69.30KB/s,1470764,58714,22821,29357,48522,0,0,0,0,0,0,0,0,0,
14:45:04,FALSE,com.tencent.mm,2,373,-96,-7,28,14,,,,,,,,,,,,,,,,,,,,,,,,,,,,,,,
14:45:06,FALSE,com.tencent.mm,2,373,-96,-7,28,14,99,5,0,58,94,75,96,100,-1,-1,-1,-1,-1,-1,198.22KB/s,69.00KB/s,1472770,58714,22821,29357,48522,0,0,0,0,0,0,0,0,0,
14:45:06,FALSE,com.tencent.mm,2,373,-100,-7,24,14,,,,,,,,,,,,,,,,,,,,,,,,,,,,,,,
14:45:08,FALSE,com.tencent.mm,2,373,-100,-7,24,14,99,5,0,58,94,75,96,100,0,-1,-1,-1,2,100,264.23KB/s,47.64KB/s,1474772,58714,22821,29357,48522,0,0,0,0,0,0,0,0,0,
14:45:08,FALSE,com.tencent.mm,2,373,-100,-7,24,14,,,,,,,,,,,,,,,,,,,,,,,,,,,,,,,
14:45:10,FALSE,com.tencent.mm,2,373,-100,-7,24,14,99,5,0,58,94,75,96,100,-1,-1,-1,-1,-1,-1,231.23KB/s,20.92KB/s,1476771,58714,22821,29357,48522,0,0,0,0,0,0,0,0,0,
14:45:10,FALSE,com.tencent.mm,2,373,-100,-7,24,14,,,,,,,,,,,,,,,,,,,,,,,,,,,,,,,
14:45:13,FALSE,com.tencent.mm,2,373,-100,-7,24,14,99,5,0,58,94,75,96,100,0,-1,-1,-1,-1,-1,252.39KB/s,40.08KB/s,1478782,58714,22821,29357,48522,0,0,0,0,0,0,0,0,0,
14:45:13,FALSE,com.tencent.mm,2,373,-80,-7,30,14,,,,,,,,,,,,,,,,,,,,,,,,,,,,,,,
14:45:15,FALSE,com.tencent.mm,2,373,-80,-7,30,14,99,5,0,58,94,75,96,100,0,-1,-1,-1,-1,-1,248.09KB/s,68.99KB/s,1480783,58714,22821,29357,48522,0,0,0,0,0,0,0,0,0,
14:45:15,FALSE,com.tencent.mm,2,373,-80,-7,30,14,,,,,,,,,,,,,,,,,,,,,,,,,,,,,,,
14:45:17,FALSE,com.tencent.mm,2,373,-80,-7,30,14,99,5,0,58,94,75,96,100,-1,9,-1,38,-1,-1,221.93KB/s,55.64KB/s,1482790,58714,22821,29357,48522,0,0,0,0,0,0,0,0,0,
14:45:17,FALSE,com.tencent.mm,2,373,-80,-7,30,14,,,,,,,,,,,,,,,,,,,,,,,,,,,,,,,
14:45:19,FALSE,com.tencent.mm,2,373,-80,-7,30,14,99,5,0,58,94,75,96,100,-1,-1,-1,-1,-1,-1,226.49KB/s,57.19KB/s,1484791,58714,22821,29357,48522,0,0,0,0,0,0,0,0,0,
14:45:19,FALSE,com.tencent.mm,2,373,-80,-7,30,14,,,,,,,,,,,,,,,,,,,,,,,,,,,,,,,
14:45:21,FALSE,com.tencent.mm,2,373,-88,-6,25,14,99,5,0,58,94,75,96,100,-1,-1,-1,-1,-1,-1,254.42KB/s,72.11KB/s,1486793,58714,22821,29357,48522,0,0,0,0,0,0,0,0,0,
14:45:21,FALSE,com.tencent.mm,2,373,-88,-6,25,14,,,,,,,,,,,,,,,,,,,,,,,,,,,,,,,
14:45:23,FALSE,com.tencent.mm,2,373,-88,-6,25,14,99,5,0,58,94,75,96,100,-1,-1,-1,-1,-1,-1,244.75KB/s,63.37KB/s,1488797,58714,22821,29357,48522,0,0,0,0,0,0,0,0,0,
14:45:23,FALSE,com.tencent.mm,2,373,-83,-7,30,14,,,,,,,,,,,,,,,,,,,,,,,,,,,,,,,
14:45:25,FALSE,com.tencent.mm,2,373,-83,-7,30,14,99,5,0,58,94,75,96,100,50,-1,-1,-1,-1,-1,247.77KB/s,54.40KB/s,1490800,59915,23230,29957,50974,3,2,0,0,0,0,0,0,0,
14:45:25,FALSE,com.tencent.mm,2,373,-83,-7,30,14,,,,,,,,,,,,,,,,,,,,,,,,,,,,,,,
14:45:27,FALSE,com.tencent.mm,2,373,-83,-7,30,14,99,5,0,58,94,75,96,100,-1,-1,-1,-1,-1,-1,246.38KB/s,58.10KB/s,1492804,59915,23230,29957,50974,0,0,0,0,0,0,0,0,0,
14:45:27,FALSE,com.tencent.mm,2,373,-83,-7,30,14,,,,,,,,,,,,,,,,,,,,,,,,,,,,,,,
14:45:29,FALSE,com.tencent.mm,2,373,-83,-7,30,14,99,5,0,58,94,75,96,100,-1,-1,-1,-1,-1,-1,207.64KB/s,57.11KB/s,1494809,59915,23230,29957,50974,0,0,0,0,0,0,0,0,0,
14:45:29,FALSE,com.tencent.mm,2,373,-83,-7,30,14,,,,,,,,,,,,,,,,,,,,,,,,,,,,,,,
14:45:31,FALSE,com.tencent.mm,2,373,-83,-7,30,14,99,5,0,58,94,75,96,100,-1,-1,-1,-1,-1,-1,286.80KB/s,56.89KB/s,1496813,59915,23230,29957,50974,0,0,0,0,0,0,0,0,0,
14:45:31,FALSE,com.tencent.mm,2,373,-92,-6,22,14,,,,,,,,,,,,,,,,,,,,,,,,,,,,,,,
14:52:15,FALSE,com.tencent.mm,10,417,-76,-7,26,14,99,5,0,58,91,82,96,100,9,1,67,69,119,97,26831.64KB/s,12520.20KB/s,1901075,64581,22116,32290,54262,0,0,0,0,0,0,0,0,0,
14:52:15,FALSE,com.tencent.mm,10,417,-76,-7,26,14,,,,,,,,,,,,,,,,,,,,,,,,,,,,,,,
14:52:17,FALSE,com.tencent.mm,10,417,-76,-7,26,14,99,5,0,58,91,82,96,100,-1,0,-1,70,-1,-1,55.96KB/s,79.17KB/s,1903080,64581,22116,32290,54262,0,0,0,0,0,0,0,0,0,
14:52:17,FALSE,com.tencent.mm,10,417,-76,-7,26,14,,,,,,,,,,,,,,,,,,,,,,,,,,,,,,,
14:52:19,FALSE,com.tencent.mm,10,417,-76,-7,26,14,99,5,0,58,91,82,96,100,-1,-1,-1,-1,-1,-1,69.98KB/s,76.88KB/s,1905080,64581,22116,32290,54262,0,0,0,0,0,0,0,0,0,
14:52:19,FALSE,com.tencent.mm,10,417,-76,-7,26,14,,,,,,,,,,,,,,,,,,,,,,,,,,,,,,,
14:52:21,FALSE,com.tencent.mm,10,417,-76,-7,26,14,99,5,0,58,91,82,96,100,0,-1,-1,-1,87,100,60.38KB/s,73.53KB/s,1907087,64581,22116,32290,54262,0,0,0,0,0,0,0,0,0,
14:52:21,FALSE,com.tencent.mm,10,417,-76,-7,26,14,,,,,,,,,,,,,,,,,,,,,,,,,,,,,,,
14:52:23,FALSE,com.tencent.mm,10,417,-76,-7,26,14,99,5,0,58,91,82,96,100,-1,-1,-1,-1,-1,-1,57.28KB/s,60.49KB/s,1909089,64581,22116,32290,54262,0,0,0,0,0,0,0,0,0,
14:52:23,FALSE,com.tencent.mm,10,417,-76,-7,26,14,,,,,,,,,,,,,,,,,,,,,,,,,,,,,,,
14:52:25,FALSE,com.tencent.mm,10,417,-76,-7,26,14,99,5,0,58,91,82,96,100,0,-1,-1,-1,4,100,61.90KB/s,63.71KB/s,1911090,64581,22116,32290,54262,0,0,0,0,0,0,0,0,0,
14:52:25,FALSE,com.tencent.mm,10,417,-76,-7,26,14,,,,,,,,,,,,,,,,,,,,,,,,,,,,,,,
14:52:27,FALSE,com.tencent.mm,10,417,-76,-7,26,14,99,5,0,58,91,82,96,100,-1,-1,-1,-1,-1,-1,56.71KB/s,59.43KB/s,1913096,64581,22116,32290,54262,0,0,0,0,0,0,0,0,0,
14:52:27,FALSE,com.tencent.mm,10,417,-89,-8,24,14,,,,,,,,,,,,,,,,,,,,,,,,,,,,,,,
14:52:29,FALSE,com.tencent.mm,10,417,-89,-8,24,14,99,5,0,58,91,82,96,100,-1,-1,-1,-1,-1,-1,69.32KB/s,62.43KB/s,1915099,64581,22116,32290,54262,0,0,0,0,0,0,0,0,0,
14:52:29,FALSE,com.tencent.mm,10,417,-89,-8,24,14,,,,,,,,,,,,,,,,,,,,,,,,,,,,,,,
14:52:31,FALSE,com.tencent.mm,10,417,-89,-8,24,14,99,5,0,58,91,82,96,100,-1,-1,-1,-1,-1,-1,54.36KB/s,54.36KB/s,1917112,64581,22116,32290,54262,0,0,0,0,0,0,0,0,0,
14:52:31,FALSE,com.tencent.mm,10,417,-89,-8,24,14,,,,,,,,,,,,,,,,,,,,,,,,,,,,,,,
14:52:33,FALSE,com.tencent.mm,10,417,-89,-8,24,14,99,5,0,58,91,82,96,100,-1,-1,-1,-1,-1,-1,69.15KB/s,57.37KB/s,1919113,64581,22116,32290,54262,0,0,0,0,0,0,0,0,0,
14:52:33,FALSE,com.tencent.mm,10,417,-89,-8,24,14,,,,,,,,,,,,,,,,,,,,,,,,,,,,,,,
14:52:35,FALSE,com.tencent.mm,10,417,-89,-8,24,14,99,5,0,58,91,82,96,100,0,-1,-1,-1,48,100,56.21KB/s,69.47KB/s,1921118,64581,22116,32290,54262,0,0,0,0,0,0,0,0,0,
14:52:35,FALSE,com.tencent.mm,10,417,-89,-8,24,14,,,,,,,,,,,,,,,,,,,,,,,,,,,,,,,
14:52:37,FALSE,com.tencent.mm,10,499,-95,-11,6,14,99,5,0,58,91,82,96,100,-1,-1,-1,-1,-1,-1,72.39KB/s,71.94KB/s,1923116,64927,25303,32463,54262,3,2,0,0,0,0,0,0,0,
14:52:37,FALSE,com.tencent.mm,10,499,-95,-11,6,14,,,,,,,,,,,,,,,,,,,,,,,,,,,,,,,
14:52:39,FALSE,com.tencent.mm,10,499,-95,-11,6,14,99,5,0,58,91,82,96,100,-1,-1,-1,-1,-1,-1,60.69KB/s,66.19KB/s,1925121,64927,25303,32463,54262,0,0,0,0,0,0,0,0,0,
14:52:39,FALSE,com.tencent.mm,10,499,-90,-6,14,14,,,,,,,,,,,,,,,,,,,,,,,,,,,,,,,
14:52:41,FALSE,com.tencent.mm,10,499,-90,-6,14,14,99,5,0,58,91,82,96,100,0,-1,-1,-1,-1,-1,64.89KB/s,72.67KB/s,1927125,64927,25303,32463,54262,0,0,0,0,0,0,0,0,0,
14:52:41,FALSE,com.tencent.mm,10,499,-90,-6,14,14,,,,,,,,,,,,,,,,,,,,,,,,,,,,,,,
14:52:43,FALSE,com.tencent.mm,10,499,-90,-6,14,14,99,5,0,58,91,82,96,100,-1,-1,-1,-1,-1,-1,58.96KB/s,66.41KB/s,1929128,64927,25303,32463,54262,0,0,0,0,0,0,0,0,0,
14:52:43,FALSE,com.tencent.mm,10,499,-90,-6,14,14,,,,,,,,,,,,,,,,,,,,,,,,,,,,,,,
14:52:45,FALSE,com.tencent.mm,10,499,-90,-6,14,14,99,5,0,58,91,81,96,100,0,-1,-1,-1,39,100,59.90KB/s,71.36KB/s,1931130,64927,25303,32463,54262,0,0,0,0,0,0,0,0,0,
14:52:45,FALSE,com.tencent.mm,10,499,-90,-6,14,14,,,,,,,,,,,,,,,,,,,,,,,,,,,,,,,
14:52:47,FALSE,com.tencent.mm,10,499,-90,-6,14,14,99,5,0,58,91,81,96,100,-1,0,-1,67,-1,-1,52.50KB/s,66.89KB/s,1933137,64927,25303,32463,54262,0,0,0,0,0,0,0,0,0,
14:52:47,FALSE,com.tencent.mm,10,499,-90,-6,14,14,,,,,,,,,,,,,,,,,,,,,,,,,,,,,,,
14:52:49,FALSE,com.tencent.mm,10,499,-84,-5,30,14,99,5,0,58,91,81,96,100,-1,-1,-1,-1,-1,-1,64.15KB/s,70.92KB/s,1935134,64927,25303,32463,54262,0,0,0,0,0,0,0,0,0,
14:52:49,FALSE,com.tencent.mm,10,499,-84,-5,30,14,,,,,,,,,,,,,,,,,,,,,,,,,,,,,,,
14:52:51,FALSE,com.tencent.mm,10,499,-84,-5,30,14,99,5,0,58,91,81,96,100,-1,-1,-1,-1,-1,-1,63.49KB/s,69.13KB/s,1937142,64927,25303,32463,54262,0,0,0,0,0,0,0,0,0,
14:52:51,FALSE,com.tencent.mm,10,499,-84,-5,30,14,,,,,,,,,,,,,,,,,,,,,,,,,,,,,,,
14:52:53,FALSE,com.tencent.mm,10,499,-84,-5,30,14,99,5,0,58,91,81,96,100,-1,-1,-1,-1,-1,-1,61.84KB/s,68.73KB/s,1939147,64927,25303,32463,54262,0,0,0,0,0,0,0,0,0,
14:52:53,FALSE,com.tencent.mm,10,499,-84,-5,30,14,,,,,,,,,,,,,,,,,,,,,,,,,,,,,,,
14:52:55,FALSE,com.tencent.mm,10,499,-84,-5,30,14,99,5,0,58,91,81,96,100,0,-1,-1,-1,3,100,63.15KB/s,71.29KB/s,1941149,64927,25303,32463,54262,0,0,0,0,0,0,0,0,0,
14:52:55,FALSE,com.tencent.mm,10,499,-84,-5,30,14,,,,,,,,,,,,,,,,,,,,,,,,,,,,,,,
14:52:57,FALSE,com.tencent.mm,10,499,-84,-5,30,14,99,5,0,58,91,81,96,100,-1,-1,-1,-1,-1,-1,56.92KB/s,70.29KB/s,1943155,64927,25303,32463,54262,0,0,0,0,0,0,0,0,0,
14:52:57,FALSE,com.tencent.mm,10,499,-84,-5,30,14,,,,,,,,,,,,,,,,,,,,,,,,,,,,,,,
14:52:59,FALSE,com.tencent.mm,10,499,-84,-5,30,14,99,5,0,58,91,81,96,100,-1,-1,-1,-1,-1,-1,74.83KB/s,70.62KB/s,1945175,64927,25303,32463,54262,0,0,0,0,0,0,0,0,0,
14:52:59,FALSE,com.tencent.mm,10,499,-84,-5,30,14,,,,,,,,,,,,,,,,,,,,,,,,,,,,,,,
14:53:01,FALSE,com.tencent.mm,10,499,-74,-5,30,14,99,5,0,58,91,81,96,100,0,-1,-1,-1,2,100,53.58KB/s,71.07KB/s,1947163,64927,25303,32463,54262,0,0,0,0,0,0,0,0,0,
14:53:01,FALSE,com.tencent.mm,10,499,-74,-5,30,14,,,,,,,,,,,,,,,,,,,,,,,,,,,,,,,
14:53:03,FALSE,com.tencent.mm,10,499,-74,-5,30,14,99,5,0,58,91,81,96,100,-1,-1,-1,-1,-1,-1,65.10KB/s,70.85KB/s,1949168,64927,25303,32463,54262,0,0,0,0,0,0,0,0,0,
14:53:03,FALSE,com.tencent.mm,10,499,-74,-5,30,14,,,,,,,,,,,,,,,,,,,,,,,,,,,,,,,
14:53:05,FALSE,com.tencent.mm,10,499,-74,-5,30,14,99,5,0,58,91,81,96,100,0,-1,-1,-1,2,100,55.35KB/s,68.30KB/s,1951169,64927,25303,32463,54262,0,0,0,0,0,0,0,0,0,
14:53:05,FALSE,com.tencent.mm,10,499,-74,-5,30,14,,,,,,,,,,,,,,,,,,,,,,,,,,,,,,,
14:53:07,FALSE,com.tencent.mm,4,499,-66,-6,30,14,99,5,0,58,91,81,96,100,-1,-1,-1,-1,-1,-1,71.03KB/s,70.28KB/s,1953175,78344,32155,39172,54262,3,2,0,0,0,0,0,0,0,
14:53:07,FALSE,com.tencent.mm,4,499,-66,-6,30,14,,,,,,,,,,,,,,,,,,,,,,,,,,,,,,,
14:53:09,FALSE,com.tencent.mm,4,499,-66,-6,30,14,99,5,0,58,91,81,96,100,-1,-1,-1,-1,-1,-1,57.06KB/s,68.35KB/s,1955180,78344,32155,39172,54262,0,0,0,0,0,0,0,0,0,
14:53:09,FALSE,com.tencent.mm,4,499,-69,-4,30,14,,,,,,,,,,,,,,,,,,,,,,,,,,,,,,,
14:53:11,FALSE,com.tencent.mm,4,499,-69,-4,30,14,99,5,0,58,91,81,96,100,-1,-1,-1,-1,-1,-1,64.52KB/s,70.50KB/s,1957184,78344,32155,39172,54262,0,0,0,0,0,0,0,0,0,
14:53:11,FALSE,com.tencent.mm,4,499,-69,-4,30,14,,,,,,,,,,,,,,,,,,,,,,,,,,,,,,,
14:53:13,FALSE,com.tencent.mm,4,499,-87,-8,17,14,99,5,0,58,91,81,96,100,-1,-1,-1,-1,-1,-1,53.55KB/s,67.07KB/s,1959187,78344,32155,39172,54262,0,0,0,0,0,0,0,0,0,
14:53:13,FALSE,com.tencent.mm,4,498,-87,-8,17,14,,,,,,,,,,,,,,,,,,,,,,,,,,,,,,,
14:53:15,FALSE,com.tencent.mm,4,498,-87,-8,17,14,99,5,0,58,91,81,96,100,0,-1,-1,-1,4,100,63.67KB/s,72.55KB/s,1961190,78344,32155,39172,54262,0,0,0,0,0,0,0,0,0,
14:53:15,FALSE,com.tencent.mm,1,498,-100,-7,12,14,,,,,,,,,,,,,,,,,,,,,,,,,,,,,,,
14:53:17,FALSE,com.tencent.mm,2,498,-100,-7,12,14,99,5,0,58,90,81,96,100,-1,0,-1,72,-1,-1,60.73KB/s,67.10KB/s,1963196,78344,32155,39172,54262,0,0,0,0,0,0,0,0,0,
14:53:17,FALSE,com.tencent.mm,2,498,-100,-7,12,14,,,,,,,,,,,,,,,,,,,,,,,,,,,,,,,
14:53:19,FALSE,com.tencent.mm,2,498,-100,-7,12,14,99,5,0,58,90,81,96,100,-1,-1,-1,-1,-1,-1,61.48KB/s,69.15KB/s,1965199,86005,44981,43002,54262,2,1,0,0,0,0,0,0,0,
14:53:19,FALSE,com.tencent.mm,2,498,-100,-7,12,14,,,,,,,,,,,,,,,,,,,,,,,,,,,,,,,
14:53:21,FALSE,com.tencent.mm,2,498,-100,-7,12,14,99,5,0,58,90,81,96,100,-1,-1,-1,-1,-1,-1,62.84KB/s,62.71KB/s,1967199,86005,44981,43002,54262,0,0,0,0,0,0,0,0,0,
14:53:21,FALSE,com.tencent.mm,2,498,-96,-5,22,14,,,,,,,,,,,,,,,,,,,,,,,,,,,,,,,
14:53:23,FALSE,com.tencent.mm,2,498,-96,-5,22,14,99,5,0,58,90,81,96,100,-1,-1,-1,-1,-1,-1,55.33KB/s,51.72KB/s,1969204,86005,44981,43002,54262,0,0,0,0,0,0,0,0,0,
14:53:23,FALSE,com.tencent.mm,2,498,-96,-5,22,14,,,,,,,,,,,,,,,,,,,,,,,,,,,,,,,
15:06:53,FALSE,com.tencent.mm,3,457,-71,-5,30,14,99,4,0,60,86,70,96,100,0,0,72,66,33,96,26288.05KB/s,25464.10KB/s,2779764,71286,28728,35643,43132,0,0,0,0,0,0,0,0,0,
15:06:53,FALSE,com.tencent.mm,3,457,-71,-5,30,14,,,,,,,,,,,,,,,,,,,,,,,,,,,,,,,
15:26:24,FALSE,com.tencent.mm,4,477,-85,-6,23,14,99,5,0,61,81,66,95,100,5,1,66,61,54,93,37650.80KB/s,29851.70KB/s,3950512,67972,22408,33986,40607,0,0,0,0,0,0,0,22.5433,114.09,
15:26:24,FALSE,com.tencent.mm,4,477,-85,-6,23,14,,,,,,,,,,,,,,,,,,,,,,,,,,,,,,,
15:26:26,FALSE,com.tencent.mm,4,477,-85,-6,23,14,99,5,0,61,81,66,95,100,-1,-1,-1,-1,50,100,54.36KB/s,59.45KB/s,3952523,67972,22408,33986,40607,0,0,0,0,0,0,0,0,0,
15:26:26,FALSE,com.tencent.mm,4,477,-85,-6,23,14,,,,,,,,,,,,,,,,,,,,,,,,,,,,,,,
15:26:28,FALSE,com.tencent.mm,4,477,-85,-6,23,14,99,5,0,61,81,66,95,100,0,-1,-1,-1,-1,-1,69.48KB/s,61.73KB/s,3954522,67972,22408,33986,40607,0,0,0,0,0,0,0,0,0,
15:26:28,FALSE,com.tencent.mm,4,477,-85,-6,23,14,,,,,,,,,,,,,,,,,,,,,,,,,,,,,,,
15:26:30,FALSE,com.tencent.mm,4,2.15E+09,-98,-11,10,14,99,5,0,61,81,66,95,100,0,-1,-1,-1,100,100,60.73KB/s,46.30KB/s,3956552,67972,22408,33986,40607,0,0,0,0,0,0,0,0,0,TRUE
15:26:30,FALSE,com.tencent.mm,4,659,-98,-11,10,20,,,,,,,,,,,,,,,,,,,,,,,,,,,,,,,TRUE
15:26:32,FALSE,com.tencent.mm,4,659,-98,-11,10,20,99,5,0,61,81,66,95,100,-1,-1,-1,-1,-1,-1,70.80KB/s,51.60KB/s,3958534,60895,23343,30447,40607,3,2,0,0,0,0,0,0,0,
15:26:32,FALSE,com.tencent.mm,4,659,-89,-11,8,20,,,,,,,,,,,,,,,,,,,,,,,,,,,,,,,
15:26:34,FALSE,com.tencent.mm,4,659,-89,-11,8,20,99,5,0,61,81,66,95,100,0,-1,-1,-1,-1,-1,61.82KB/s,53.97KB/s,3960536,60895,23343,30447,40607,0,0,0,0,0,0,0,0,0,
15:26:34,FALSE,com.tencent.mm,4,659,-89,-11,8,20,,,,,,,,,,,,,,,,,,,,,,,,,,,,,,,
15:26:36,FALSE,com.tencent.mm,4,659,-89,-11,8,20,99,5,0,61,81,66,95,100,-1,-1,-1,-1,-1,-1,65.13KB/s,50.40KB/s,3962541,60895,23343,30447,40607,0,0,0,0,0,0,0,0,0,
15:26:36,FALSE,com.tencent.mm,4,659,-83,-11,8,20,,,,,,,,,,,,,,,,,,,,,,,,,,,,,,,
15:26:38,FALSE,com.tencent.mm,4,659,-83,-11,8,20,99,5,0,61,81,66,95,100,-1,-1,-1,-1,-1,-1,59.57KB/s,56.77KB/s,3964546,60895,23343,30447,40607,0,0,0,0,0,0,0,0,0,
15:26:38,FALSE,com.tencent.mm,4,659,-83,-11,8,20,,,,,,,,,,,,,,,,,,,,,,,,,,,,,,,
15:26:40,FALSE,com.tencent.mm,4,659,-83,-11,8,20,99,5,0,61,81,66,95,100,0,-1,-1,-1,2,100,68.73KB/s,58.26KB/s,3966547,60895,23343,30447,40607,0,0,0,0,0,0,0,0,0,
15:26:40,FALSE,com.tencent.mm,4,659,-83,-11,8,20,,,,,,,,,,,,,,,,,,,,,,,,,,,,,,,
15:26:42,FALSE,com.tencent.mm,4,659,-83,-11,8,20,99,5,0,61,81,66,95,100,-1,-1,-1,-1,-1,-1,60.32KB/s,51.04KB/s,3968554,60895,23343,30447,40607,0,0,0,0,0,0,0,0,0,
15:26:42,FALSE,com.tencent.mm,4,659,-83,-11,8,20,,,,,,,,,,,,,,,,,,,,,,,,,,,,,,,
15:26:44,FALSE,com.tencent.mm,4,659,-83,-11,8,20,99,5,0,61,81,66,95,100,-1,-1,-1,-1,-1,-1,66.72KB/s,53.15KB/s,3970556,60895,23343,30447,40607,0,0,0,0,0,0,0,0,0,
15:26:44,FALSE,com.tencent.mm,4,659,-83,-11,8,20,,,,,,,,,,,,,,,,,,,,,,,,,,,,,,,
15:26:46,FALSE,com.tencent.mm,4,659,-83,-11,8,20,99,5,0,61,80,66,95,100,-1,6,-1,39,-1,-1,61.92KB/s,49.68KB/s,3972563,60895,23343,30447,40607,0,0,0,0,0,0,0,0,0,
15:26:46,FALSE,com.tencent.mm,4,659,-83,-11,8,20,,,,,,,,,,,,,,,,,,,,,,,,,,,,,,,
15:26:48,FALSE,com.tencent.mm,4,659,-83,-11,8,20,99,5,0,61,80,66,95,100,-1,-1,-1,-1,38,100,62.30KB/s,51.77KB/s,3974562,60895,23343,30447,40607,0,0,0,0,0,0,0,0,0,
15:26:48,FALSE,com.tencent.mm,4,659,-83,-11,8,20,,,,,,,,,,,,,,,,,,,,,,,,,,,,,,,
15:26:50,FALSE,com.tencent.mm,4,659,-83,-11,8,20,99,5,0,61,80,66,95,100,0,-1,-1,-1,3,100,66.24KB/s,53.74KB/s,3976567,60895,23343,30447,40607,0,0,0,0,0,0,0,0,0,
15:26:50,FALSE,com.tencent.mm,4,659,-83,-11,8,20,,,,,,,,,,,,,,,,,,,,,,,,,,,,,,,
15:26:52,FALSE,com.tencent.mm,4,659,-83,-11,8,20,99,5,0,61,80,66,95,100,0,-1,-1,-1,-1,-1,52.55KB/s,51.24KB/s,3978576,60895,23343,30447,40607,0,0,0,0,0,0,0,0,0,
15:26:52,FALSE,com.tencent.mm,4,659,-83,-11,8,20,,,,,,,,,,,,,,,,,,,,,,,,,,,,,,,
15:26:54,FALSE,com.tencent.mm,4,659,-83,-11,8,20,99,5,0,61,80,66,95,100,-1,-1,-1,-1,-1,-1,69.83KB/s,49.01KB/s,3980574,60895,23343,30447,40607,0,0,0,0,0,0,0,0,0,
15:26:54,FALSE,com.tencent.mm,4,659,-83,-11,8,20,,,,,,,,,,,,,,,,,,,,,,,,,,,,,,,
15:26:56,FALSE,com.tencent.mm,4,659,-83,-11,8,20,99,5,0,61,80,66,95,100,-1,-1,-1,-1,-1,-1,53.29KB/s,47.64KB/s,3982578,60895,23343,30447,40607,0,0,0,0,0,0,0,0,0,
15:26:56,FALSE,com.tencent.mm,4,659,-83,-11,8,20,,,,,,,,,,,,,,,,,,,,,,,,,,,,,,,
15:26:58,FALSE,com.tencent.mm,4,659,-83,-11,8,20,99,5,0,61,80,66,95,100,-1,-1,-1,-1,-1,-1,65.80KB/s,48.92KB/s,3984583,60895,23343,30447,40607,0,0,0,0,0,0,0,0,0,
15:26:58,FALSE,com.tencent.mm,4,659,-83,-11,8,20,,,,,,,,,,,,,,,,,,,,,,,,,,,,,,,
15:27:00,FALSE,com.tencent.mm,4,659,-83,-11,8,20,99,5,0,61,80,66,95,100,0,-1,-1,-1,40,100,56.48KB/s,54.88KB/s,3986582,60895,23343,30447,40607,0,0,0,0,0,0,0,0,0,
15:27:00,FALSE,com.tencent.mm,4,659,-83,-11,8,20,,,,,,,,,,,,,,,,,,,,,,,,,,,,,,,
15:27:02,FALSE,com.tencent.mm,4,659,-83,-11,8,20,99,5,0,61,80,66,95,100,-1,-1,-1,-1,-1,-1,67.59KB/s,47.91KB/s,3988590,51819,15691,25909,40607,3,2,0,0,0,0,0,0,0,
15:27:02,FALSE,com.tencent.mm,4,659,-83,-11,8,20,,,,,,,,,,,,,,,,,,,,,,,,,,,,,,,
15:27:04,FALSE,com.tencent.mm,4,659,-83,-11,8,20,99,5,0,61,80,66,95,100,-1,-1,-1,-1,-1,-1,54.81KB/s,51.99KB/s,3990591,51819,15691,25909,40607,0,0,0,0,0,0,0,0,0,
15:27:04,FALSE,com.tencent.mm,4,659,-83,-11,8,20,,,,,,,,,,,,,,,,,,,,,,,,,,,,,,,
15:27:06,FALSE,com.tencent.mm,4,659,-83,-11,8,20,99,5,0,61,80,66,95,100,-1,-1,-1,-1,-1,-1,60.31KB/s,52.22KB/s,3992595,51819,15691,25909,40607,0,0,0,0,0,0,0,0,0,
15:27:06,FALSE,com.tencent.mm,4,659,-83,-11,8,20,,,,,,,,,,,,,,,,,,,,,,,,,,,,,,,
15:27:08,FALSE,com.tencent.mm,4,659,-83,-11,8,20,99,5,0,61,80,66,95,100,-1,-1,-1,-1,-1,-1,58.31KB/s,47.97KB/s,3994602,51819,15691,25909,40607,0,0,0,0,0,0,0,0,0,
15:27:08,FALSE,com.tencent.mm,4,659,-83,-11,8,20,,,,,,,,,,,,,,,,,,,,,,,,,,,,,,,
15:27:10,FALSE,com.tencent.mm,4,659,-83,-11,8,20,99,5,0,61,80,66,95,100,0,-1,-1,-1,10,100,65.51KB/s,51.06KB/s,3996603,51819,15691,25909,40607,0,0,0,0,0,0,0,0,0,
15:27:10,FALSE,com.tencent.mm,4,659,-83,-11,8,20,,,,,,,,,,,,,,,,,,,,,,,,,,,,,,,
15:27:12,FALSE,com.tencent.mm,4,659,-83,-11,8,20,99,5,0,61,80,66,95,100,-1,-1,-1,-1,0,100,67.85KB/s,52.27KB/s,3998606,51819,15691,25909,40607,0,0,0,0,0,0,0,0,0,
15:27:12,FALSE,com.tencent.mm,4,659,-83,-11,8,20,,,,,,,,,,,,,,,,,,,,,,,,,,,,,,,
15:27:14,FALSE,com.tencent.mm,4,659,-83,-11,8,20,99,5,0,60,80,66,95,100,0,-1,56,-1,20,100,66.33KB/s,50.70KB/s,4000609,51819,15691,25909,40607,0,0,0,0,0,0,0,0,0,
15:27:14,FALSE,com.tencent.mm,4,659,-83,-11,8,20,,,,,,,,,,,,,,,,,,,,,,,,,,,,,,,
15:27:16,FALSE,com.tencent.mm,4,659,-83,-11,8,20,99,5,0,60,80,66,95,100,-1,0,-1,51,0,100,63.48KB/s,50.85KB/s,4002619,51819,15691,25909,40607,0,0,0,0,0,0,0,0,0,
15:27:16,FALSE,com.tencent.mm,4,659,-83,-11,8,20,,,,,,,,,,,,,,,,,,,,,,,,,,,,,,,
15:27:18,FALSE,com.tencent.mm,4,659,-83,-11,8,20,99,5,0,60,80,66,95,100,-1,-1,-1,-1,0,100,62.13KB/s,46.43KB/s,4004620,51819,15691,25909,40607,0,0,0,0,0,0,0,0,0,
15:27:18,FALSE,com.tencent.mm,4,659,-83,-11,8,20,,,,,,,,,,,,,,,,,,,,,,,,,,,,,,,
15:27:20,FALSE,com.tencent.mm,4,659,-83,-11,8,20,99,5,0,60,80,66,95,100,0,-1,-1,-1,3,100,68.50KB/s,54.97KB/s,4006622,51819,15691,25909,40607,0,0,0,0,0,0,0,0,0,
15:27:20,FALSE,com.tencent.mm,4,659,-83,-11,8,20,,,,,,,,,,,,,,,,,,,,,,,,,,,,,,,
15:27:22,FALSE,com.tencent.mm,4,659,-83,-11,8,20,99,5,0,60,80,66,95,100,-1,-1,-1,-1,-1,-1,65.95KB/s,49.84KB/s,4008623,51819,15691,25909,40607,0,0,0,0,0,0,0,0,0,
15:27:22,FALSE,com.tencent.mm,4,659,-83,-11,8,20,,,,,,,,,,,,,,,,,,,,,,,,,,,,,,,
15:27:24,FALSE,com.tencent.mm,4,659,-83,-11,8,20,99,5,0,60,80,66,95,100,0,-1,-1,-1,-1,-1,64.86KB/s,51.03KB/s,4010627,51819,15691,25909,40607,0,0,0,0,0,0,0,0,0,
15:27:24,FALSE,com.tencent.mm,4,659,-83,-11,8,20,,,,,,,,,,,,,,,,,,,,,,,,,,,,,,,
15:27:26,FALSE,com.tencent.mm,4,659,-83,-11,8,20,99,5,0,60,80,66,95,100,-1,-1,-1,-1,-1,-1,57.07KB/s,53.59KB/s,4012628,51211,16903,34140,40607,4,3,0,0,0,0,0,0,0,
15:27:26,FALSE,com.tencent.mm,4,659,-83,-11,8,20,,,,,,,,,,,,,,,,,,,,,,,,,,,,,,,
15:27:28,FALSE,com.tencent.mm,4,659,-83,-11,8,20,99,5,0,60,80,66,95,100,-1,-1,-1,-1,-1,-1,68.36KB/s,48.67KB/s,4014631,51211,16903,34140,40607,0,0,0,0,0,0,0,0,0,
15:27:28,FALSE,com.tencent.mm,4,659,-83,-11,8,20,,,,,,,,,,,,,,,,,,,,,,,,,,,,,,,
15:27:30,FALSE,com.tencent.mm,4,659,-83,-11,8,20,99,5,0,60,80,66,95,100,0,-1,-1,-1,25,100,63.09KB/s,51.33KB/s,4016637,51819,15691,25909,40607,0,0,0,0,0,0,0,0,0,
15:27:30,FALSE,com.tencent.mm,4,659,-83,-11,8,20,,,,,,,,,,,,,,,,,,,,,,,,,,,,,,,
15:27:32,FALSE,com.tencent.mm,4,659,-83,-11,8,20,99,5,0,60,80,66,95,100,-1,-1,-1,-1,-1,-1,65.81KB/s,53.85KB/s,4018645,53646,15590,26823,40607,3,2,0,0,0,0,0,0,0,
15:27:32,FALSE,com.tencent.mm,4,659,-83,-11,8,20,,,,,,,,,,,,,,,,,,,,,,,,,,,,,,,
15:27:34,FALSE,com.tencent.mm,4,659,-83,-11,8,20,99,5,0,60,80,66,95,100,-1,-1,-1,-1,-1,-1,58.22KB/s,50.06KB/s,4020645,53646,15590,26823,40607,0,0,0,0,0,0,0,0,0,
15:27:34,FALSE,com.tencent.mm,4,659,-83,-11,8,20,,,,,,,,,,,,,,,,,,,,,,,,,,,,,,,
15:27:36,FALSE,com.tencent.mm,4,659,-83,-11,8,20,99,5,0,60,80,66,95,100,-1,-1,-1,-1,-1,-1,68.16KB/s,48.68KB/s,4022654,53646,15590,26823,40607,0,0,0,0,0,0,0,0,0,
15:27:36,FALSE,com.tencent.mm,4,659,-83,-11,8,20,,,,,,,,,,,,,,,,,,,,,,,,,,,,,,,
15:27:38,FALSE,com.tencent.mm,4,659,-83,-11,8,20,99,5,0,60,80,66,95,100,-1,-1,-1,-1,-1,-1,63.04KB/s,51.97KB/s,4024653,53646,15590,26823,40607,0,0,0,0,0,0,0,0,0,
15:27:38,FALSE,com.tencent.mm,4,659,-83,-11,8,20,,,,,,,,,,,,,,,,,,,,,,,,,,,,,,,
15:27:40,FALSE,com.tencent.mm,4,659,-83,-11,8,20,99,5,0,60,80,65,95,100,0,-1,-1,-1,11,100,73.67KB/s,50.49KB/s,4026657,53646,15590,26823,40607,0,0,0,0,0,0,0,0,0,
15:27:40,FALSE,com.tencent.mm,4,659,-83,-11,8,20,,,,,,,,,,,,,,,,,,,,,,,,,,,,,,,
15:27:42,FALSE,com.tencent.mm,4,659,-83,-11,8,20,99,5,0,60,80,65,95,100,0,-1,-1,-1,-1,-1,62.42KB/s,51.90KB/s,4028661,50425,17724,33616,40607,3,1,0,0,0,1,0,0,0,
15:27:42,FALSE,com.tencent.mm,1,659,-83,-11,8,20,,,,,,,,,,,,,,,,,,,,,,,,,,,,,,,
15:27:44,FALSE,com.tencent.mm,1,659,-83,-11,8,20,99,5,0,60,80,65,95,100,-1,-1,-1,-1,-1,-1,67.39KB/s,47.06KB/s,4030658,53646,15590,26823,40607,0,0,0,0,0,0,0,0,0,
15:27:44,FALSE,com.tencent.mm,1,659,-83,-11,8,20,,,,,,,,,,,,,,,,,,,,,,,,,,,,,,,
15:27:46,FALSE,com.tencent.mm,2,659,-83,-11,8,20,99,5,0,60,80,65,95,100,-1,0,-1,56,-1,-1,57.25KB/s,51.49KB/s,4032668,53646,15590,26823,40607,0,0,0,0,0,0,0,0,0,
15:27:46,FALSE,com.tencent.mm,2,659,-83,-11,8,20,,,,,,,,,,,,,,,,,,,,,,,,,,,,,,,
15:27:48,FALSE,com.tencent.mm,2,659,-83,-11,8,20,99,5,0,60,80,65,95,100,-1,-1,-1,-1,-1,-1,69.45KB/s,53.48KB/s,4034669,53646,15590,26823,40607,0,0,0,0,0,0,0,0,0,
15:27:48,FALSE,com.tencent.mm,2,659,-83,-11,8,20,,,,,,,,,,,,,,,,,,,,,,,,,,,,,,,
15:27:50,FALSE,com.tencent.mm,2,659,-83,-11,8,20,99,5,0,60,80,65,95,100,0,-1,-1,-1,4,100,66.07KB/s,50.89KB/s,4036675,53646,15590,26823,40607,0,0,0,0,0,0,0,0,0,
15:27:50,FALSE,com.tencent.mm,2,2.15E+09,-83,-11,8,20,,,,,,,,,,,,,,,,,,,,,,,,,,,,,,,
15:27:52,FALSE,com.tencent.mm,2,477,-83,-5,27,14,99,5,0,60,80,65,95,100,-1,-1,-1,-1,-1,-1,62.44KB/s,53.11KB/s,4038679,53646,15590,26823,40607,0,0,0,0,0,0,0,0,0,
15:27:52,FALSE,com.tencent.mm,2,477,-83,-5,27,14,,,,,,,,,,,,,,,,,,,,,,,,,,,,,,,
15:27:54,FALSE,com.tencent.mm,2,477,-83,-5,27,14,99,5,0,60,80,65,95,100,-1,-1,-1,-1,-1,-1,62.97KB/s,50.96KB/s,4040683,53646,15590,26823,40607,0,0,0,0,0,0,0,0,0,
15:27:54,FALSE,com.tencent.mm,2,477,-83,-5,27,14,,,,,,,,,,,,,,,,,,,,,,,,,,,,,,,
15:27:56,FALSE,com.tencent.mm,2,477,-83,-5,27,14,99,5,0,60,80,65,95,100,-1,-1,-1,-1,-1,-1,62.68KB/s,45.62KB/s,4042684,53646,15590,26823,40607,0,0,0,0,0,0,0,0,0,
15:27:56,FALSE,com.tencent.mm,2,477,-83,-5,27,14,,,,,,,,,,,,,,,,,,,,,,,,,,,,,,,
15:27:58,FALSE,com.tencent.mm,2,477,-83,-5,27,14,99,5,0,60,80,65,95,100,-1,-1,-1,-1,-1,-1,67.80KB/s,49.53KB/s,4044689,53646,15590,26823,40607,0,0,0,0,0,0,0,0,0,
15:27:58,FALSE,com.tencent.mm,2,477,-83,-5,27,14,,,,,,,,,,,,,,,,,,,,,,,,,,,,,,,
15:28:00,FALSE,com.tencent.mm,2,477,-83,-5,27,14,99,4,0,60,80,65,95,100,0,-1,-1,-1,32,100,62.00KB/s,56.04KB/s,4046693,53646,15590,26823,40607,0,0,0,0,0,0,0,0,0,
15:28:00,FALSE,com.tencent.mm,2,477,-83,-5,27,14,,,,,,,,,,,,,,,,,,,,,,,,,,,,,,,
15:28:02,FALSE,com.tencent.mm,2,477,-83,-5,27,14,99,4,0,60,80,65,95,100,-1,-1,-1,-1,-1,-1,67.69KB/s,61.25KB/s,4048698,59687,20135,29843,40607,3,2,0,0,0,0,0,0,0,
15:28:02,FALSE,com.tencent.mm,3,477,-83,-5,27,14,,,,,,,,,,,,,,,,,,,,,,,,,,,,,,,
15:28:04,FALSE,com.tencent.mm,3,477,-83,-5,27,14,99,4,0,60,80,65,95,100,-1,-1,-1,-1,-1,-1,62.48KB/s,62.37KB/s,4050705,59687,20135,29843,40607,0,0,0,0,0,0,0,0,0,
15:28:04,FALSE,com.tencent.mm,3,477,-83,-5,27,14,,,,,,,,,,,,,,,,,,,,,,,,,,,,,,,
15:28:06,FALSE,com.tencent.mm,3,477,-83,-5,27,14,99,4,0,60,80,65,95,100,-1,-1,-1,-1,-1,-1,69.64KB/s,61.94KB/s,4052707,59687,20135,29843,40607,0,0,0,0,0,0,0,0,0,
15:28:06,FALSE,com.tencent.mm,3,477,-90,-9,5,14,,,,,,,,,,,,,,,,,,,,,,,,,,,,,,,
15:28:08,FALSE,com.tencent.mm,3,477,-90,-9,5,14,99,4,0,60,80,65,95,100,-1,-1,-1,-1,-1,-1,60.51KB/s,62.57KB/s,4054706,59687,20135,29843,40607,0,0,0,0,0,0,0,0,0,
15:28:08,FALSE,com.tencent.mm,3,477,-90,-9,5,14,,,,,,,,,,,,,,,,,,,,,,,,,,,,,,,
15:30:48,FALSE,com.tencent.mm,3,874,-74,-11,32,20,99,4,0,60,80,64,95,100,0,0,-1,61,33,91,5202.43KB/s,4416.31KB/s,4214224,75379,28196,37689,40607,0,0,0,0,0,0,0,0,0,
15:30:48,FALSE,com.tencent.mm,3,874,-75,-11,31,20,,,,,,,,,,,,,,,,,,,,,,,,,,,,,,,
15:30:50,FALSE,com.tencent.mm,3,874,-75,-11,31,20,99,4,0,60,80,64,95,100,-1,-1,-1,-1,-1,-1,73.46KB/s,53.96KB/s,4216222,75379,28196,37689,40607,0,0,0,0,0,0,0,0,0,
15:30:50,FALSE,com.tencent.mm,3,874,-75,-11,31,20,,,,,,,,,,,,,,,,,,,,,,,,,,,,,,,
15:30:52,FALSE,com.tencent.mm,3,874,-72,-11,31,20,99,4,0,60,80,64,95,100,-1,-1,-1,-1,-1,-1,70.70KB/s,48.79KB/s,4218229,75379,28196,37689,40607,0,0,0,0,0,0,0,0,0,
15:30:52,FALSE,com.tencent.mm,3,874,-72,-11,31,20,,,,,,,,,,,,,,,,,,,,,,,,,,,,,,,
15:30:54,FALSE,com.tencent.mm,3,874,-72,-11,31,20,99,4,0,60,80,64,95,100,0,-1,-1,-1,32,100,112.17KB/s,53.45KB/s,4220228,75379,28196,37689,40607,0,0,0,0,0,0,0,0,0,
15:30:54,FALSE,com.tencent.mm,3,874,-67,-11,32,20,,,,,,,,,,,,,,,,,,,,,,,,,,,,,,,
15:30:56,FALSE,com.tencent.mm,3,874,-67,-11,32,20,99,4,0,60,80,64,95,100,-1,-1,-1,-1,-1,-1,86.84KB/s,58.28KB/s,4222231,75379,28196,37689,40607,0,0,0,0,0,0,0,0,0,
15:30:56,FALSE,com.tencent.mm,3,874,-67,-11,32,20,,,,,,,,,,,,,,,,,,,,,,,,,,,,,,,
15:30:58,FALSE,com.tencent.mm,3,874,-67,-11,32,20,99,4,0,60,80,64,95,100,0,-1,-1,-1,37,100,66.22KB/s,64.03KB/s,4224235,75379,28196,37689,40607,0,0,0,0,0,0,0,0,0,
15:30:58,FALSE,com.duapps.recorder,3,874,-67,-11,32,20,,,,,,,,,,,,,,,,,,,,,,,,,,,,,,,
15:31:00,FALSE,com.duapps.recorder,4,874,-67,-11,32,20,99,4,0,60,80,64,95,100,0,-1,-1,-1,25,100,83.53KB/s,167.53KB/s,4226237,75379,28196,37689,40607,0,0,0,0,0,0,0,0,0,
15:31:00,FALSE,com.tencent.mm,4,874,-67,-11,32,20,,,,,,,,,,,,,,,,,,,,,,,,,,,,,,,
15:31:02,FALSE,com.tencent.mm,4,874,-67,-11,32,20,99,4,0,60,80,64,95,100,0,-1,-1,-1,-1,-1,79.55KB/s,51.25KB/s,4228245,54640,19370,27320,40607,3,2,0,0,0,0,0,0,0,
15:31:02,FALSE,com.tencent.mm,4,874,-67,-11,32,20,,,,,,,,,,,,,,,,,,,,,,,,,,,,,,,
15:31:04,FALSE,com.tencent.mm,4,874,-67,-11,32,20,99,4,0,60,80,64,95,100,0,-1,-1,-1,-1,-1,62.84KB/s,45.29KB/s,4230248,54640,19370,27320,40607,0,0,0,0,0,0,0,0,0,
15:31:04,FALSE,com.tencent.mm,4,874,-67,-11,32,20,,,,,,,,,,,,,,,,,,,,,,,,,,,,,,,
15:31:06,FALSE,com.tencent.mm,4,874,-67,-11,32,20,99,4,0,60,80,64,95,100,0,-1,-1,-1,44,100,88.35KB/s,55.10KB/s,4232245,54640,19370,27320,40607,0,0,0,0,0,0,0,0,0,
15:31:06,FALSE,com.miui.home,4,874,-67,-11,32,20,,,,,,,,,,,,,,,,,,,,,,,,,,,,,,,
15:31:08,FALSE,com.miui.home,4,874,-67,-11,32,20,99,4,0,60,80,64,95,100,0,-1,-1,-1,-1,-1,111.78KB/s,52.30KB/s,4234259,54640,19370,27320,40607,0,0,0,0,0,0,0,0,0,
15:31:08,FALSE,com.bsp.catchlog,4,874,-67,-11,32,20,,,,,,,,,,,,,,,,,,,,,,,,,,,,,,,
15:31:10,FALSE,com.bsp.catchlog,4,874,-67,-11,32,20,99,4,0,60,80,64,95,100,0,-1,-1,-1,-1,-1,188.47KB/s,74.13KB/s,4236266,53254,19282,26627,40607,2,1,0,0,0,0,0,0,0,
15:31:10,FALSE,com.bsp.catchlog,4,874,-67,-11,32,20,,,,,,,,,,,,,,,,,,,,,,,,,,,,,,,
15:31:12,FALSE,com.bsp.catchlog,4,874,-67,-11,32,20,99,4,0,60,80,64,95,100,-1,-1,-1,-1,-1,-1,161.17KB/s,56.87KB/s,4238267,53254,19282,26627,40607,0,0,0,0,0,0,0,0,0,
15:31:12,FALSE,com.bsp.catchlog,4,874,-70,-11,32,20,,,,,,,,,,,,,,,,,,,,,,,,,,,,,,,
15:31:14,FALSE,com.bsp.catchlog,4,874,-70,-11,32,20,99,4,0,60,80,64,95,100,-1,-1,-1,-1,-1,-1,116.40KB/s,54.38KB/s,4240268,53254,19282,26627,40607,0,0,0,0,0,0,0,0,0,
15:31:14,FALSE,com.bsp.catchlog,4,874,-70,-11,32,20,,,,,,,,,,,,,,,,,,,,,,,,,,,,,,,
15:31:16,FALSE,com.miui.home,4,874,-70,-11,32,20,99,4,0,60,79,64,95,100,0,2,-1,35,12,100,124.21KB/s,73.94KB/s,4242270,53254,19282,26627,40607,0,0,0,0,0,0,0,22.5345,114.1135,
15:31:16,FALSE,com.miui.home,4,874,-70,-11,32,20,,,,,,,,,,,,,,,,,,,,,,,,,,,,,,,
15:31:18,FALSE,com.tencent.mm,4,874,-70,-11,32,20,99,4,0,60,79,63,95,100,0,-1,-1,-1,33,100,121.03KB/s,72.98KB/s,4244277,34425,94580,22950,41415,5,2,0,0,0,1,0,0,0,
15:31:18,FALSE,com.tencent.mm,4,874,-70,-11,32,20,,,,,,,,,,,,,,,,,,,,,,,,,,,,,,,
15:31:20,FALSE,com.tencent.mm,4,874,-70,-11,32,20,99,4,0,60,79,63,95,100,-1,-1,-1,-1,-1,-1,119.73KB/s,60.09KB/s,4246280,51638,16870,25819,41415,0,0,0,0,0,0,0,0,0,
15:31:20,FALSE,com.tencent.mm,4,874,-70,-11,32,20,,,,,,,,,,,,,,,,,,,,,,,,,,,,,,,
15:31:22,FALSE,com.tencent.mm,4,874,-70,-11,32,20,99,4,0,60,79,63,95,100,-1,-1,-1,-1,-1,-1,61.24KB/s,67.82KB/s,4248285,51638,16870,25819,41415,0,0,0,0,0,0,0,0,0,
15:31:22,FALSE,com.tencent.mm,4,874,-70,-11,32,20,,,,,,,,,,,,,,,,,,,,,,,,,,,,,,,
15:31:24,FALSE,com.tencent.mm,4,874,-70,-11,32,20,99,4,0,60,79,63,95,100,0,-1,-1,-1,-1,-1,129.36KB/s,44.12KB/s,4250290,51638,16870,25819,41415,0,0,0,0,0,0,0,0,0,
15:31:24,FALSE,com.tencent.mm,4,874,-70,-11,32,20,,,,,,,,,,,,,,,,,,,,,,,,,,,,,,,
15:31:26,FALSE,com.tencent.mm,4,874,-70,-11,32,20,99,4,0,60,79,63,95,100,-1,-1,-1,-1,-1,-1,127.32KB/s,51.34KB/s,4252295,51638,16870,25819,41415,0,0,0,0,0,0,0,0,0,
15:31:26,FALSE,com.tencent.mm,4,874,-70,-11,32,20,,,,,,,,,,,,,,,,,,,,,,,,,,,,,,,
15:31:28,FALSE,com.tencent.mm,4,874,-68,-11,26,20,99,4,0,60,79,63,95,100,0,-1,-1,-1,-1,-1,61.62KB/s,44.17KB/s,4254294,51454,19250,25727,41248,4,2,0,0,0,1,0,0,0,
15:31:28,FALSE,com.tencent.mm,4,874,-68,-11,26,20,,,,,,,,,,,,,,,,,,,,,,,,,,,,,,,
15:31:37,FALSE,com.tencent.mm,4,874,-70,-11,30,20,99,4,0,60,79,63,95,100,50,-1,-1,-1,2,100,2.82KB/s,1.78KB/s,4263312,,,,,,,,,,,,0,0,
15:31:37,FALSE,com.tencent.mm,4,874,-70,-11,30,20,,,,,,,,,,,,,,,,,,,,,,,,,,,,,,,
15:31:39,FALSE,com.tencent.mm,4,874,-70,-11,30,20,99,4,0,60,79,63,95,100,-1,-1,-1,-1,-1,-1,0.05KB/s,0.02KB/s,4265321,61625,18590,0,41415,8,8,0,0,0,0,0,0,0,
15:31:39,FALSE,com.miui.home,4,874,-70,-11,30,20,,,,,,,,,,,,,,,,,,,,,,,,,,,,,,,
15:31:41,FALSE,com.miui.home,4,874,-70,-11,30,20,99,4,0,60,79,63,95,100,0,-1,-1,-1,-1,-1,0.62KB/s,0.38KB/s,4267316,,,,,,,,,,,,0,0,
15:31:41,FALSE,com.termoneplus,4,874,-70,-11,30,20,,,,,,,,,,,,,,,,,,,,,,,,,,,,,,,
15:31:43,FALSE,com.termoneplus,4,874,-70,-11,30,20,99,4,0,60,79,63,95,100,-1,-1,-1,-1,-1,-1,0.00KB/s,0.00KB/s,4269327,,,,,,,,,,,,0,0,
15:31:43,FALSE,com.termoneplus,4,874,-70,-11,30,20,,,,,,,,,,,,,,,,,,,,,,,,,,,,,,,
15:31:45,FALSE,com.termoneplus,4,874,-70,-11,30,20,99,4,0,60,79,63,95,100,-1,-1,-1,-1,-1,-1,0.00KB/s,0.00KB/s,4271336,,,,,,,,,,,,0,0,
15:31:45,FALSE,com.termoneplus,4,874,-70,-11,30,20,,,,,,,,,,,,,,,,,,,,,,,,,,,,,,,
15:31:47,FALSE,com.termoneplus,4,874,-75,-11,31,20,99,4,0,60,79,63,95,100,-1,5,-1,41,-1,-1,0.06KB/s,0.03KB/s,4273339,,,,,,,,,,,,0,0,
15:31:47,FALSE,com.termoneplus,4,874,-75,-11,31,20,,,,,,,,,,,,,,,,,,,,,,,,,,,,,,,
15:31:49,FALSE,com.termoneplus,4,874,-75,-11,31,20,99,4,0,60,79,63,95,100,-1,-1,-1,-1,-1,-1,0.03KB/s,0.00KB/s,4275345,,,,,,,,,,,,0,0,
15:31:49,FALSE,com.termoneplus,4,874,-75,-11,31,20,,,,,,,,,,,,,,,,,,,,,,,,,,,,,,,
15:31:51,FALSE,com.termoneplus,4,874,-75,-11,31,20,99,4,0,60,79,63,95,100,-1,-1,-1,-1,68,100,0.15KB/s,0.10KB/s,4277349,,,,,,,,,,,,0,0,
15:31:51,FALSE,com.termoneplus,4,874,-75,-11,31,20,,,,,,,,,,,,,,,,,,,,,,,,,,,,,,,
15:31:53,FALSE,com.termoneplus,4,874,-75,-11,31,20,99,4,0,60,79,63,95,100,-1,-1,-1,-1,-1,-1,0.00KB/s,0.00KB/s,4279357,,,,,,,,,,,,0,0,
15:31:53,FALSE,com.termoneplus,4,874,-75,-11,31,20,,,,,,,,,,,,,,,,,,,,,,,,,,,,,,,
15:31:55,FALSE,com.miui.home,4,874,-75,-11,31,20,99,4,0,60,79,63,95,100,-1,-1,-1,-1,-1,-1,0.00KB/s,0.00KB/s,4281353,,,,,,,,,,,,0,0,
15:31:55,FALSE,com.miui.home,4,874,-74,-11,31,20,,,,,,,,,,,,,,,,,,,,,,,,,,,,,,,
15:31:57,FALSE,com.miui.home,4,874,-74,-11,31,20,99,4,0,60,79,63,95,100,-1,-1,-1,-1,-1,-1,0.00KB/s,0.00KB/s,4283363,,,,,,,,,,,,0,0,
15:31:57,FALSE,com.miui.home,4,874,-74,-11,31,20,,,,,,,,,,,,,,,,,,,,,,,,,,,,,,,
15:31:59,FALSE,com.miui.home,4,874,-74,-11,31,20,99,4,0,60,79,63,95,100,-1,-1,-1,-1,-1,-1,0.00KB/s,0.00KB/s,4285363,,,,,,,,,,,,0,0,
15:31:59,FALSE,com.miui.home,4,874,-74,-11,31,20,,,,,,,,,,,,,,,,,,,,,,,,,,,,,,,
15:32:01,FALSE,com.miui.home,4,874,-74,-11,31,20,99,4,0,60,79,63,95,100,-1,-1,-1,-1,-1,-1,0.06KB/s,0.10KB/s,4287370,,,,,,,,,,,,0,0,
15:32:01,FALSE,com.miui.home,4,874,-74,-11,31,20,,,,,,,,,,,,,,,,,,,,,,,,,,,,,,,
15:32:03,FALSE,com.miui.home,4,874,-74,-11,31,20,99,4,0,60,79,63,95,100,100,-1,-1,-1,2,100,0.10KB/s,0.08KB/s,4289373,,,,,,,,,,,,0,0,
15:32:03,FALSE,com.miui.home,4,874,-74,-11,31,20,,,,,,,,,,,,,,,,,,,,,,,,,,,,,,,
15:32:44,FALSE,com.miui.home,4,874,-81,-11,18,20,99,4,0,60,79,63,95,100,100,-1,-1,-1,-1,-1,0.32KB/s,0.34KB/s,4330282,,,,,,,,,,,,0,0,
15:32:44,FALSE,com.miui.home,4,874,-81,-11,18,20,,,,,,,,,,,,,,,,,,,,,,,,,,,,,,,
15:32:46,FALSE,com.miui.home,4,874,-81,-11,18,20,99,4,0,60,79,63,95,100,-1,20,-1,38,-1,-1,0.09KB/s,0.00KB/s,4332281,,,,,,,,,,,,0,0,
15:32:46,FALSE,com.miui.home,4,874,-81,-11,18,20,,,,,,,,,,,,,,,,,,,,,,,,,,,,,,,
15:32:48,FALSE,com.miui.home,4,874,-81,-11,18,20,99,4,0,60,79,63,95,100,-1,-1,-1,-1,-1,-1,0.00KB/s,0.00KB/s,4334307,,,,,,,,,,,,0,0,
15:32:48,FALSE,com.miui.home,4,874,-81,-11,18,20,,,,,,,,,,,,,,,,,,,,,,,,,,,,,,,
15:32:50,FALSE,com.miui.home,4,874,-81,-11,18,20,99,4,0,60,79,63,95,100,-1,-1,-1,-1,-1,-1,0.00KB/s,0.00KB/s,4336316,,,,,,,,,,,,0,0,
15:32:50,FALSE,com.miui.home,4,874,-81,-11,18,20,,,,,,,,,,,,,,,,,,,,,,,,,,,,,,,
15:32:52,FALSE,com.miui.home,4,874,-81,-11,18,20,99,4,0,60,79,63,95,100,-1,-1,-1,-1,-1,-1,0.00KB/s,0.00KB/s,4338320,,,,,,,,,,,,0,0,
15:32:52,FALSE,com.miui.home,4,874,-81,-11,18,20,,,,,,,,,,,,,,,,,,,,,,,,,,,,,,,
15:32:54,FALSE,com.miui.home,4,874,-81,-11,18,20,99,4,0,60,79,63,95,100,-1,-1,-1,-1,-1,-1,0.00KB/s,0.00KB/s,4340325,,,,,,,,,,,,0,0,
15:32:54,FALSE,com.miui.home,4,874,-81,-11,18,20,,,,,,,,,,,,,,,,,,,,,,,,,,,,,,,
15:32:56,FALSE,com.miui.home,4,874,-81,-11,18,20,99,4,0,60,79,63,95,100,-1,-1,-1,-1,-1,-1,0.00KB/s,0.00KB/s,4342331,,,,,,,,,,,,0,0,
15:32:56,FALSE,com.miui.home,4,874,-81,-11,18,20,,,,,,,,,,,,,,,,,,,,,,,,,,,,,,,
15:32:58,FALSE,com.miui.home,4,874,-81,-11,18,20,99,4,0,60,79,63,95,100,-1,-1,-1,-1,-1,-1,0.00KB/s,0.00KB/s,4344334,,,,,,,,,,,,0,0,
15:32:58,FALSE,com.miui.home,4,874,-81,-11,18,20,,,,,,,,,,,,,,,,,,,,,,,,,,,,,,,
15:33:00,FALSE,com.miui.home,4,874,-81,-11,18,20,99,4,0,60,79,63,95,100,-1,-1,-1,-1,-1,-1,0.66KB/s,0.85KB/s,4346337,,,,,,,,,,,,0,0,
15:33:00,FALSE,com.miui.home,4,874,-81,-11,18,20,,,,,,,,,,,,,,,,,,,,,,,,,,,,,,,
15:33:02,FALSE,com.miui.home,4,874,-81,-11,18,20,99,5,0,60,79,63,95,100,100,-1,-1,-1,-1,-1,0.03KB/s,0.00KB/s,4348346,,,,,,,,,,,,0,0,
15:33:02,FALSE,com.miui.home,4,874,-81,-11,18,20,,,,,,,,,,,,,,,,,,,,,,,,,,,,,,,
15:33:04,FALSE,com.miui.home,4,874,-81,-11,18,20,99,5,0,60,79,63,95,100,-1,-1,-1,-1,-1,-1,0.03KB/s,0.00KB/s,4350353,,,,,,,,,,,,0,0,
15:33:04,FALSE,com.miui.home,4,874,-81,-11,18,20,,,,,,,,,,,,,,,,,,,,,,,,,,,,,,,
15:33:06,FALSE,com.miui.home,4,874,-81,-11,18,20,99,5,0,60,79,63,95,100,-1,-1,-1,-1,-1,-1,0.03KB/s,0.00KB/s,4352357,,,,,,,,,,,,0,0,
15:33:06,FALSE,com.miui.home,4,874,-81,-11,18,20,,,,,,,,,,,,,,,,,,,,,,,,,,,,,,,
15:33:08,FALSE,com.miui.home,4,874,-81,-11,18,20,99,5,0,60,79,63,95,100,0,-1,-1,-1,2,100,1.93KB/s,2.23KB/s,4354361,,,,,,,,,,,,0,0,
15:33:08,FALSE,com.miui.home,4,874,-81,-11,18,20,,,,,,,,,,,,,,,,,,,,,,,,,,,,,,,
15:33:10,FALSE,com.miui.home,4,874,-81,-11,18,20,99,5,0,60,79,63,95,100,-1,-1,-1,-1,-1,-1,0.03KB/s,0.00KB/s,4356371,,,,,,,,,,,,0,0,
15:33:10,FALSE,com.miui.home,4,874,-81,-11,18,20,,,,,,,,,,,,,,,,,,,,,,,,,,,,,,,
15:33:12,FALSE,com.miui.home,4,874,-81,-11,18,20,99,5,0,60,79,63,95,100,-1,-1,-1,-1,-1,-1,0.00KB/s,0.00KB/s,4358376,,,,,,,,,,,,0,0,
15:33:12,FALSE,com.miui.home,4,874,-81,-11,18,20,,,,,,,,,,,,,,,,,,,,,,,,,,,,,,,
15:33:14,FALSE,com.miui.home,4,874,-81,-11,18,20,99,5,0,60,79,63,95,100,-1,-1,-1,-1,-1,-1,0.00KB/s,0.00KB/s,4360382,,,,,,,,,,,,0,0,
15:33:14,FALSE,com.miui.home,4,874,-81,-11,18,20,,,,,,,,,,,,,,,,,,,,,,,,,,,,,,,
15:33:16,FALSE,com.miui.home,4,874,-81,-11,18,20,99,5,0,60,79,63,95,100,-1,6,-1,54,-1,-1,0.06KB/s,0.07KB/s,4362387,,,,,,,,,,,,0,0,
15:33:16,FALSE,com.miui.home,4,874,-81,-11,18,20,,,,,,,,,,,,,,,,,,,,,,,,,,,,,,,
15:33:18,FALSE,com.miui.home,4,874,-81,-11,18,20,99,5,0,60,79,63,95,100,0,-1,-1,-1,23,100,2.23KB/s,5.01KB/s,4364391,,,,,,,,,,,,0,0,
15:33:18,FALSE,com.miui.home,4,874,-81,-11,18,20,,,,,,,,,,,,,,,,,,,,,,,,,,,,,,,
15:33:20,FALSE,com.miui.home,4,874,-81,-11,18,20,99,5,0,60,79,63,95,100,-1,-1,-1,-1,-1,-1,0.11KB/s,0.26KB/s,4366398,,,,,,,,,,,,0,0,
15:33:20,FALSE,com.miui.home,4,874,-81,-11,18,20,,,,,,,,,,,,,,,,,,,,,,,,,,,,,,,
15:33:22,FALSE,com.miui.home,4,874,-81,-11,18,20,99,5,0,60,79,63,95,100,-1,-1,-1,-1,-1,-1,1.16KB/s,0.52KB/s,4368407,,,,,,,,,,,,0,0,
15:33:22,FALSE,com.miui.home,4,874,-81,-11,18,20,,,,,,,,,,,,,,,,,,,,,,,,,,,,,,,
15:33:24,FALSE,com.miui.home,4,874,-81,-11,18,20,99,5,0,60,79,63,95,100,-1,-1,-1,-1,-1,-1,0.00KB/s,0.00KB/s,4370412,,,,,,,,,,,,0,0,
15:33:24,FALSE,com.miui.home,4,874,-81,-11,18,20,,,,,,,,,,,,,,,,,,,,,,,,,,,,,,,
15:33:26,FALSE,com.miui.home,4,874,-81,-11,18,20,99,5,0,60,79,63,95,100,-1,-1,-1,-1,-1,-1,0.00KB/s,0.03KB/s,4372421,,,,,,,,,,,,0,0,
15:33:26,FALSE,com.miui.home,4,874,-81,-11,18,20,,,,,,,,,,,,,,,,,,,,,,,,,,,,,,,
15:33:28,FALSE,com.miui.home,4,874,-81,-11,18,20,99,4,0,60,79,63,95,100,0,-1,-1,-1,51,100,4.28KB/s,3.05KB/s,4374425,,,,,,,,,,,,0,0,
15:33:28,FALSE,com.miui.home,4,874,-81,-11,18,20,,,,,,,,,,,,,,,,,,,,,,,,,,,,,,,
15:33:30,FALSE,com.miui.home,4,874,-81,-11,18,20,99,4,0,60,79,63,95,100,-1,-1,-1,-1,-1,-1,0.00KB/s,0.00KB/s,4376432,,,,,,,,,,,,0,0,
15:33:30,FALSE,com.miui.home,4,874,-81,-11,18,20,,,,,,,,,,,,,,,,,,,,,,,,,,,,,,,
15:33:32,FALSE,com.miui.home,4,874,-81,-11,18,20,99,4,0,60,79,63,95,100,-1,-1,-1,-1,-1,-1,0.00KB/s,0.07KB/s,4378438,,,,,,,,,,,,0,0,
15:33:32,FALSE,com.miui.home,4,874,-81,-11,18,20,,,,,,,,,,,,,,,,,,,,,,,,,,,,,,,
15:33:34,FALSE,com.miui.home,4,874,-81,-11,18,20,99,5,0,60,79,63,95,100,100,-1,-1,-1,36,100,0.07KB/s,0.04KB/s,4380449,,,,,,,,,,,,0,0,
15:33:34,FALSE,com.miui.home,4,874,-81,-11,18,20,,,,,,,,,,,,,,,,,,,,,,,,,,,,,,,
15:33:36,FALSE,com.miui.home,4,874,-81,-11,18,20,99,5,0,60,79,63,95,100,-1,-1,-1,-1,-1,-1,0.04KB/s,0.00KB/s,4382455,,,,,,,,,,,,0,0,
15:33:36,FALSE,com.miui.home,4,874,-81,-11,18,20,,,,,,,,,,,,,,,,,,,,,,,,,,,,,,,
15:33:38,FALSE,com.miui.home,4,874,-81,-11,18,20,99,5,0,60,79,63,95,100,-1,-1,-1,-1,-1,-1,0.04KB/s,0.00KB/s,4384459,,,,,,,,,,,,0,0,
15:33:38,FALSE,com.miui.home,4,874,-71,-11,32,20,,,,,,,,,,,,,,,,,,,,,,,,,,,,,,,
15:33:40,FALSE,com.miui.home,4,874,-71,-11,32,20,99,5,0,60,79,63,95,100,-1,-1,-1,-1,-1,-1,0.00KB/s,0.00KB/s,4386454,,,,,,,,,,,,0,0,
15:33:40,FALSE,com.miui.home,4,874,-71,-11,32,20,,,,,,,,,,,,,,,,,,,,,,,,,,,,,,,
15:33:42,FALSE,com.miui.home,4,874,-71,-11,32,20,99,5,0,60,79,63,95,100,-1,-1,-1,-1,-1,-1,0.04KB/s,0.00KB/s,4388459,,,,,,,,,,,,0,0,
15:33:42,FALSE,com.miui.home,4,874,-71,-11,32,20,,,,,,,,,,,,,,,,,,,,,,,,,,,,,,,
